"Materialnummer","Vorgangsfolge","Anzahl"
1,"0010",4
2,"0010",4
3,"0010",2
4,"0010",4
5,"0010",4
6,"0010",3
7,"0010",1
8,"0010",2
9,"0010 -> 0020",12
10,"0010 -> 0020",8
11,"0010 -> 0020",1
12,"0010 -> 0020",1
13,"0010 -> 0020",1
14,"0010 -> 0020",1
15,"0010",2
16,"0010",2
17,"0010",2
18,"0010",11
19,"0010",9
20,"0010",6
21,"0010",10
22,"0010",4
23,"0010",30
24,"0010",14
25,"0010",16
26,"0010",7
27,"0010",7
28,"0010",1
29,"0010",1
30,"0010",1
31,"0010",1
32,"0010",1
33,"0010",2
34,"0010",2
35,"0010",1
36,"0010",2
37,"0010",2
38,"0010",2
39,"0010",7
40,"0010",1
41,"0010",4
42,"0010",2
43,"0010",11
44,"0010",9
45,"0010",8
46,"0010",1
47,"0010",11
48,"0010",1
49,"0010",9
50,"0010",5
51,"0010",8
52,"0010",6
53,"0010",5
54,"0010",1
55,"0010",1
56,"0010",8
57,"0010",4
58,"0010",3
59,"0010",1
60,"0010",6
61,"0010",3
62,"0010",1
63,"0010",4
64,"0010",8
65,"0010",1
66,"0010",6
67,"0010",2
68,"0010",2
69,"0010",3
70,"0010",2
71,"0010",1
72,"0010",1
73,"0010",2
74,"0010",3
75,"0010",2
76,"0010",10
77,"0010",21
78,"0010",1
79,"0010",1
80,"0010",1
81,"0010",2
82,"0010",2
83,"0010",1
84,"0010",6
85,"0010",9
86,"0010",34
87,"0010",3
88,"0010 -> 0020",8
88,"0010",2
89,"0010",4
90,"0010 -> 0020",11
90,"0010",5
91,"0010 -> 0020",4
91,"0010",1
92,"0010",31
93,"0010 -> 0020",9
93,"0010",3
94,"0010 -> 0020 -> 0030",24
94,"0010",12
95,"0010",1
95,"0010 -> 0020 -> 0030",1
96,"0010",5
97,"0010",1
98,"0010",1
99,"0010",3
100,"0010",1
101,"0010",1
102,"0010",1
103,"0010",1
104,"0010",12
105,"0010",4
106,"0010",2
107,"0010",3
108,"0010",1
109,"0010",4
110,"0010",8
111,"0010",1
112,"0010",2
113,"0010",3
114,"0010",3
115,"0010",2
116,"0010",2
117,"0010",2
118,"0010",3
119,"0010",2
120,"0010",3
121,"0010",2
122,"0010",2
123,"0010",1
124,"0010",5
125,"0010",3
126,"0010",5
127,"0010",1
128,"0010",2
129,"0010",1
130,"0010",1
131,"0010",1
132,"0010",2
133,"0010",1
134,"0010",7
135,"0010",7
136,"0010",2
137,"0010",3
138,"0010",12
139,"0010",8
140,"0010",2
141,"0010",62
142,"0010",1
143,"0010",2
144,"0010",2
145,"0010",3
146,"0010",4
147,"0010",3
148,"0010",3
149,"0010",1
150,"0010",2
151,"0010",3
152,"0010",2
153,"0010",4
154,"0010",3
155,"0010",3
156,"0010",3
157,"0010",5
158,"0010",3
159,"0010",6
160,"0010",2
161,"0010",2
162,"0010",10
163,"0010",3
164,"0010",12
165,"0010",8
166,"0010",1
167,"0010",3
168,"0010",2
169,"0010",2
170,"0010",1
171,"0010",1
172,"0010",8
173,"0010",1
174,"0010",7
175,"0010",6
176,"0010",1
177,"0010",5
178,"0010",3
179,"0010",1
180,"0010",6
181,"0010",8
182,"0010",9
183,"0010",1
184,"0010",1
185,"0010",1
186,"0010",1
187,"0010",1
188,"0010",1
189,"0010",1
190,"0010",2
191,"0010",2
192,"0010",3
193,"0010",2
194,"0010",4
195,"0010",2
196,"0010",1
197,"0010",3
198,"0010",2
199,"0010",14
200,"0010",4
201,"0010",5
202,"0010",2
203,"0010",3
204,"0010",2
205,"0010",1
206,"0010",3
207,"0010",1
208,"0010",1
209,"0010",2
210,"0010",2
211,"0010",5
212,"0010",4
213,"0010",1
214,"0010",4
215,"0010",3
216,"0010",5
217,"0010",7
218,"0010",12
219,"0010",1
220,"0010",3
221,"0010",5
222,"0010",11
222,"0010 -> 0020",1
223,"0010 -> 0020",2
224,"0010 -> 0020",8
225,"0010",29
226,"0010",15
227,"0010",9
228,"0010",10
229,"0010",14
230,"0010",11
231,"0010",15
232,"0010",17
233,"0010",4
234,"0010",3
235,"0010",6
236,"0010",4
237,"0010",5
238,"0010",2
239,"0010",8
240,"0010",2
241,"0010",5
242,"0010 -> 0020",105
242,"0010",47
243,"0010",2
244,"0010",10
245,"0010",32
246,"0010",6
247,"0010",2
248,"0010",9
249,"0010",8
250,"0010",36
251,"0010",5
252,"0010",1
253,"0010",6
254,"0010",24
255,"0010",1
256,"0010",1
257,"0010",2
258,"0010",13
259,"0010",3
260,"0010",1
261,"0010",3
262,"0010",5
263,"0010",1
264,"0010",1
265,"0010",1
266,"0010",3
267,"0010",2
268,"0010",3
269,"0010",2
270,"0010",2
271,"0010",2
272,"0010",3
273,"0010 -> 0020",18
274,"0010 -> 0020",3
275,"0010 -> 0020",6
276,"0010 -> 0020",22
277,"0010 -> 0020",18
277,"0010",1
278,"0010 -> 0020",8
279,"0010 -> 0020",25
280,"0010 -> 0020 -> 0030",7
281,"0010 -> 0020 -> 0030",4
282,"0010 -> 0020 -> 0030",5
282,"0010 -> 0030",1
283,"0010 -> 0020 -> 0030",5
283,"0010 -> 0030",1
284,"0010 -> 0020 -> 0030",19
285,"0010",19
286,"0010",12
287,"0010",5
288,"0010",6
289,"0010",11
290,"0010",24
291,"0010",1
292,"0010",1
293,"0010 -> 0020",17
294,"0010 -> 0020",5
295,"0010 -> 0020",6
296,"0010 -> 0020",21
297,"0010 -> 0020",19
298,"0010 -> 0020",10
299,"0010 -> 0020",24
300,"0010 -> 0020",7
301,"0010 -> 0020",4
302,"0010 -> 0020",6
303,"0010",72
304,"0010",10
305,"0010",16
306,"0010",54
307,"0010",6
308,"0010",31
309,"0010",6
310,"0010 -> 0020",1
311,"0010 -> 0020",6
312,"0010 -> 0020 -> 0030 -> 0040 -> 0050 -> 0060 -> 0070",6
313,"0010 -> 0020 -> 0030",2
314,"0010 -> 0020 -> 0030",2
315,"0010 -> 0020 -> 0030",3
316,"0010 -> 0020 -> 0030 -> 0040",3
317,"0010 -> 0020 -> 0030 -> 0040",1
318,"0010 -> 0020 -> 0030 -> 0040",1
319,"0010 -> 0020 -> 0030 -> 0040",2
320,"0010 -> 0020 -> 0030 -> 0040 -> 0050",9
321,"0010 -> 0020 -> 0030 -> 0040 -> 0050",4
322,"0010 -> 0020 -> 0030 -> 0040 -> 0050",3
323,"0010 -> 0020 -> 0030 -> 0040 -> 0050",2
324,"0010 -> 0020 -> 0030 -> 0040 -> 0050",3
325,"0010 -> 0020 -> 0030",1
326,"0010 -> 0020 -> 0030",2
327,"0010 -> 0020 -> 0030",1
328,"0010 -> 0020 -> 0030",1
329,"0010 -> 0020 -> 0030",3
330,"0010 -> 0020 -> 0030 -> 0040 -> 0050 -> 0060",4
331,"0010 -> 0020 -> 0030 -> 0040 -> 0050 -> 0060",16
332,"0010 -> 0020 -> 0030 -> 0040 -> 0050 -> 0060",7
333,"0010 -> 0020 -> 0030 -> 0040 -> 0050",14
334,"0010 -> 0020 -> 0030 -> 0040",3
335,"0010 -> 0020 -> 0030 -> 0040",1
336,"0010 -> 0020 -> 0030 -> 0040",1
337,"0010 -> 0020 -> 0030 -> 0040",2
338,"0010 -> 0020 -> 0030",14
339,"0010",7
340,"0010",13
341,"0010 -> 0020",4
342,"0010 -> 0020",7
343,"0010 -> 0020 -> 0030 -> 0040",3
343,"0010 -> 0020",1
344,"0010 -> 0020 -> 0030 -> 0040",6
344,"0010 -> 0020",2
345,"0010 -> 0020",2
345,"0010 -> 0020 -> 0030 -> 0040",1
346,"0010",2
347,"0010 -> 0020",6
348,"0010 -> 0020 -> 0030",2
349,"0010 -> 0020",1
350,"0010",8
351,"0010 -> 0020 -> 0030",3
352,"0010 -> 0020 -> 0030 -> 0040",5
353,"0010",3
354,"0010 -> 0020 -> 0030 -> 0040 -> 0050",6
355,"0010 -> 0020 -> 0030 -> 0040",6
356,"0010 -> 0020 -> 0030 -> 0040 -> 0050",8
357,"0010 -> 0020",3
357,"0010 -> 0020 -> 0030 -> 0040",2
358,"0010 -> 0020",2
358,"0010 -> 0020 -> 0030 -> 0040",2
359,"0010 -> 0020 -> 0030 -> 0040",8
360,"0010 -> 0020 -> 0030 -> 0040",6
360,"0010 -> 0020",1
361,"0010",13
361,"0010 -> 0020",12
362,"0010",3
363,"0010",1
364,"0010 -> 0020",2
364,"0010",1
365,"0010 -> 0020",6
365,"0010",2
366,"0010 -> 0020 -> 0030 -> 0040 -> 0050",2
367,"0010 -> 0020",2
368,"0010 -> 0020 -> 0030 -> 0040 -> 0050",2
368,"0010 -> 0020",1
369,"0010 -> 0020 -> 0030 -> 0040 -> 0050",3
369,"0010 -> 0020",2
370,"0010 -> 0020 -> 0030 -> 0040",7
370,"0010 -> 0020",5
371,"0010 -> 0020",5
371,"0010 -> 0020 -> 0030 -> 0040",4
372,"0010 -> 0020 -> 0030 -> 0040",3
372,"0010 -> 0020",2
373,"0010 -> 0020",2
373,"0010 -> 0020 -> 0030 -> 0040",2
374,"0010 -> 0020",6
374,"0010 -> 0020 -> 0030 -> 0040",3
375,"0010 -> 0020",1
375,"0010 -> 0020 -> 0030 -> 0040",1
376,"0010 -> 0020 -> 0030 -> 0040",2
376,"0010 -> 0020",1
377,"0010 -> 0020",2
377,"0010 -> 0020 -> 0030 -> 0040",1
378,"0010 -> 0020",3
378,"0010 -> 0020 -> 0030 -> 0040",1
379,"0010 -> 0020",3
379,"0010 -> 0020 -> 0030 -> 0040",3
380,"0010",21
381,"0010",37
382,"0010",120
383,"0010",4
384,"0010",7
385,"0010",3
386,"0010",4
387,"0010 -> 0020",13
387,"0010",1
388,"0010 -> 0020",2
389,"0010 -> 0020",2
390,"0010 -> 0020",2
391,"0010 -> 0020",2
392,"0010 -> 0020",3
393,"0010 -> 0020",11
394,"0010 -> 0020",2
395,"0010 -> 0020",2
396,"0010 -> 0020",1
397,"0010 -> 0020",5
397,"0020",1
398,"0010 -> 0020",3
399,"0010 -> 0020",9
399,"0010",1
400,"0010",1
400,"0010 -> 0020",1
401,"0010 -> 0020",2
402,"0010 -> 0020",17
402,"0010",6
403,"0010 -> 0020",1
404,"0010 -> 0020",1
405,"0010 -> 0020",7
406,"0010 -> 0020",14
406,"0010",1
407,"0010 -> 0020",1
408,"0010 -> 0020",19
408,"0010",1
409,"0010 -> 0020",4
410,"0010 -> 0020",2
410,"0010",1
411,"0010 -> 0020",8
411,"0010",1
412,"0010 -> 0020",4
413,"0010 -> 0020",6
413,"0010",1
414,"0010 -> 0020",5
415,"0010 -> 0020",2
416,"0010 -> 0020",11
416,"0010",1
417,"0010 -> 0020",18
418,"0010 -> 0020",37
419,"0010",28
420,"0010",47
421,"0010 -> 0020 -> 0030",5
421,"0020 -> 0030",2
422,"0010 -> 0020",5
423,"0010 -> 0020",2
424,"0010 -> 0020",2
425,"0010 -> 0020",3
426,"0010 -> 0020 -> 0030",5
426,"0020 -> 0030",1
427,"0010 -> 0020",1
428,"0010 -> 0020 -> 0030",5
429,"0010 -> 0020",2
430,"0010 -> 0020",2
431,"0010 -> 0020",4
431,"0010",1
432,"0010 -> 0020",2
433,"0010 -> 0020",4
434,"0010 -> 0020",11
435,"0010 -> 0020",1
436,"0010",5
437,"0010 -> 0020",3
438,"0010 -> 0020",17
439,"0010",6
440,"0010 -> 0020",4
441,"0010 -> 0020",41
441,"0010",1
442,"0010",17
443,"0010 -> 0020",5
444,"0010 -> 0020",35
444,"0010",1
445,"0010",10
446,"0010 -> 0020",18
447,"0010 -> 0020",43
448,"0010",4
449,"0010",14
450,"0010 -> 0020",4
451,"0010 -> 0020",9
452,"0010 -> 0020",9
453,"0010 -> 0020",60
453,"0020",1
454,"0010",4
455,"0010",19
456,"0010 -> 0020",3
457,"0010 -> 0020",5
458,"0010 -> 0020",16
458,"0010",1
459,"0010 -> 0020",57
460,"0010",6
461,"0010",20
462,"0010 -> 0020",5
463,"0010 -> 0020",12
463,"0020",1
464,"0010 -> 0020 -> 0030",25
464,"0010 -> 0020",1
465,"0010 -> 0020 -> 0030",10
466,"0010",7
467,"0010 -> 0020 -> 0030",3
468,"0010 -> 0020 -> 0030",21
469,"0010 -> 0020 -> 0030",4
470,"0010",4
471,"0010 -> 0020 -> 0030",4
472,"0010 -> 0020 -> 0030",16
472,"0010 -> 0020",1
473,"0010 -> 0020 -> 0030",3
474,"0010",5
474,"0010 -> 0020",1
475,"0010 -> 0020 -> 0030",5
476,"0010 -> 0020 -> 0030",5
477,"0010 -> 0020 -> 0030",2
478,"0010 -> 0020 -> 0030",2
479,"0010 -> 0020 -> 0030",22
480,"0010 -> 0020 -> 0030",11
481,"0010",5
481,"0010 -> 0020",1
482,"0010 -> 0020 -> 0030",3
483,"0010 -> 0020 -> 0030",6
484,"0010",1
485,"0010 -> 0020 -> 0030",10
486,"0010 -> 0020 -> 0030",3
487,"0010 -> 0020 -> 0030",2
488,"0010",3
489,"0010",1
490,"0010",1
491,"0010",1
492,"0010 -> 0020",3
493,"0010 -> 0020",1
494,"0010",30
495,"0010",29
496,"0010",5
497,"0010",318
498,"0010",263
499,"0010",2
500,"0010",238
501,"0010",35
502,"0010 -> 0020",5
503,"0010",65
504,"0010",66
505,"0010",39
506,"0010",84
507,"0010",197
508,"0010",115
509,"0010",39
510,"0010",227
511,"0010",238
512,"0010",63
513,"0010",62
514,"0010",8
515,"0010",70
516,"0010",44
517,"0010",3
518,"0010",52
519,"0010",43
520,"0010",79
521,"0010",87
522,"0010",3
523,"0010",57
524,"0010",30
525,"0010",57
526,"0010",86
527,"0010",3
528,"0010 -> 0020",5
529,"0010",46
530,"0010",318
531,"0010",98
532,"0010",5
533,"0010",75
534,"0010",52
535,"0010",73
536,"0010",94
537,"0010",2
538,"0010",3
539,"0010",6
540,"0010",11
541,"0010",83
542,"0010",158
543,"0010",34
544,"0010",308
545,"0010",55
546,"0010",193
547,"0010",106
548,"0010",5
549,"0010 -> 0020",9
550,"0010 -> 0020",28
551,"0010 -> 0020",2
552,"0010 -> 0020",1
553,"0010 -> 0020",10
554,"0010 -> 0020",2
555,"0010",7
556,"0010",48
557,"0010",12
558,"0010",7
559,"0010",5
560,"0010",18
561,"0010 -> 0020",3
562,"0010",91
563,"0010",1
564,"0010",3
565,"0010",2
566,"0010",3
567,"0010",3
568,"0010",1
569,"0010",1
570,"0010",11
571,"0010",2
572,"0010",1
573,"0010",2
574,"0010",2
575,"0010",6
576,"0010",1
577,"0010",6
578,"0010",1
579,"0010",3
580,"0010",4
581,"0010",2
582,"0010",2
583,"0010",1
584,"0010",23
585,"0010",5
586,"0010",3
587,"0010",90
588,"0010",25
589,"0010",6
590,"0010",6
591,"0010",9
592,"0010",21
593,"0010",22
594,"0010",6
595,"0010",3
596,"0010",3
597,"0010",1
598,"0010",28
599,"0010",3
600,"0010",11
601,"0010",36
602,"0010",4
603,"0010",4
604,"0010",4
605,"0010",2
606,"0010",5
607,"0010",5
608,"0010",62
609,"0010",2
610,"0010",4
611,"0010",21
612,"0010",1
613,"0010",3
614,"0010 -> 0020",4
615,"0010 -> 0020",2
616,"0010",2
617,"0010",4
618,"0010",17
619,"0010",16
620,"0010",21
621,"0010",3
622,"0010",10
623,"0010",16
624,"0010",2
625,"0010",21
626,"0010",48
627,"0010",22
628,"0010",8
629,"0010",7
630,"0010",21
631,"0010",68
632,"0010",2
633,"0010",23
634,"0010",181
635,"0010",66
636,"0010",86
637,"0010",35
638,"0010",28
639,"0010",58
640,"0010",1
641,"0010",60
642,"0010",6
643,"0010",1
644,"0010",1
645,"0010",4
646,"0010",108
647,"0010",30
648,"0010",48
649,"0010",2
650,"0010",9
651,"0010",9
652,"0010",6
653,"0010",20
654,"0010",6
655,"0010",4
656,"0010",10
657,"0010",9
658,"0010",13
659,"0010",17
660,"0010",4
661,"0010",4
662,"0010",7
663,"0010",1
664,"0010",1
665,"0010",3
666,"0010",6
667,"0010",2
668,"0010",65
669,"0010 -> 0020",3
670,"0010 -> 0020",2
671,"0010",61
672,"0010",1
673,"0010",20
674,"0010",4
675,"0010",16
676,"0010",10
677,"0010",2
678,"0010",1118
679,"0010",8
680,"0010",5
681,"0010",5
682,"0010",116
683,"0010",107
684,"0010",15
685,"0010",164
686,"0010",2
687,"0010",432
688,"0010",472
689,"0010",104
690,"0010",3
691,"0010",140
692,"0010",5
693,"0010",348
694,"0010",23
695,"0010",8
696,"0010",35
697,"0010",1
698,"0010",15
699,"0010",303
700,"0010",93
701,"0010",85
702,"0010",1315
703,"0010",131
704,"0010",79
705,"0010",84
706,"0010",13
707,"0010",275
708,"0010",2
709,"0010",87
710,"0010",4
711,"0010",3
712,"0010",3
713,"0010",5
714,"0010",14
715,"0010",2
716,"0010",4
717,"0010",3
718,"0010",6
719,"0010",4
720,"0010",2
721,"0010",2
722,"0010",1
723,"0010",18
724,"0010",3
725,"0010",2
726,"0010",1
727,"0010",2
728,"0010",14
729,"0010",6
730,"0010",3
731,"0010",4
732,"0010",5
733,"0010",6
734,"0010",10
735,"0010",12
736,"0010",13
737,"0010",32
738,"0010",42
739,"0010",8
740,"0010",6
741,"0010",6
742,"0010",2
743,"0010",52
744,"0010",3
745,"0010",18
746,"0010",94
747,"0010",6
748,"0010",6
749,"0010",6
750,"0010",1
751,"0010",3
752,"0010",7
753,"0010",9
754,"0010",179
755,"0010",2
756,"0010",4
757,"0010",4
758,"0010",27
759,"0010",4
760,"0010",3
761,"0010",7
762,"0010",4
763,"0010",5
764,"0010",3
765,"0010",6
766,"0010",4
767,"0010",4
768,"0010",8
769,"0010",5
770,"0010",56
771,"0010",14
772,"0010",14
773,"0010",51
774,"0010",191
775,"0010",5
776,"0010",52
777,"0010",526
778,"0010",177
779,"0010",304
780,"0010",96
781,"0010",55
782,"0010",134
783,"0010",2
784,"0010",131
785,"0010",9
786,"0010",1
787,"0010",8
788,"0010",577
789,"0010",59
790,"0010",99
791,"0010",4
792,"0010",14
793,"0010",16
794,"0010",7
795,"0010",26
796,"0010",7
797,"0010",9
798,"0010",21
799,"0010",5
800,"0010",1
801,"0010",6
802,"0010",4
803,"0010",8
804,"0010",4
805,"0010",10
806,"0010",4
807,"0010",7
808,"0010",4
809,"0010",7
810,"0010",15
811,"0010",3
812,"0010",7
813,"0010",2
814,"0010",26
815,"0010",3
816,"0010",2
817,"0010",1
818,"0010",1
819,"0010",4
820,"0010",4
821,"0010",19
822,"0010",11
823,"0010",23
824,"0010",13
825,"0010",31
826,"0010",23
827,"0010",17
828,"0010",11
829,"0010",19
830,"0010",8
831,"0010",62
832,"0010",28
833,"0010",27
834,"0010",5
835,"0010",7
836,"0010",4
837,"0010",1
838,"0010",17
839,"0010",13
840,"0010",13
841,"0010",16
842,"0010",14
843,"0010",7
844,"0010",10
845,"0010",8
846,"0010",3
847,"0010",2
848,"0010",7
849,"0010",7
850,"0010",4
851,"0010",14
852,"0010",1
853,"0010",22
854,"0010",2
855,"0010",3
856,"0010",1
857,"0010",130
858,"0010",6
859,"0010",8
860,"0010",3
861,"0010",2
862,"0010",43
863,"0010",3
864,"0010",3
865,"0010",3
866,"0010",16
867,"0010",1
868,"0010",5
869,"0010",4
870,"0010",10
871,"0010",11
872,"0010",4
873,"0010",3
874,"0010",3
875,"0010",18
876,"0010",12
877,"0010",3
878,"0010",1
879,"0010",4
880,"0010",10
881,"0010",10
882,"0010",8
883,"0010",8
884,"0010",18
885,"0010",10
886,"0010",6
887,"0010",4
888,"0010",19
889,"0010",3
890,"0010",17
891,"0010",10
892,"0010",22
893,"0010",2
894,"0010",7
895,"0010",3
896,"0010",8
897,"0010",5
898,"0010",5
899,"0010",2
900,"0010",7
901,"0010",1
902,"0010",4
903,"0010",3
904,"0010",5
905,"0010",1
906,"0010",4
907,"0010",7
908,"0010",1
909,"0010",9
910,"0010",5
911,"0010",8
912,"0010",3
913,"0010",5
914,"0010",23
915,"0010",8
916,"0010",4
917,"0010",17
918,"0010",6
919,"0010",7
920,"0010",7
921,"0010",3
922,"0010",10
923,"0010",3
924,"0010",1
925,"0010",4
926,"0010",27
927,"0010",27
928,"0010",2
929,"0010",6
930,"0010",28
931,"0010",7
932,"0010",4
933,"0010",28
934,"0010",26
935,"0010",22
936,"0010",6
937,"0010",8
938,"0010",21
939,"0010",21
940,"0010 -> 0020",2
941,"0010 -> 0020",2
942,"0010 -> 0020 -> 0030 -> 0040",7
943,"0010",1
944,"0010",4
945,"0010",8
946,"0010",10
947,"0010",1
948,"0010",20
949,"0010",1
950,"0010",10
951,"0010 -> 0020 -> 0030",1
952,"0010 -> 0020 -> 0030",5
953,"0010",2
954,"0010",4
955,"0010",4
956,"0010",1
957,"0010 -> 0020",1
958,"0010 -> 0020",3
959,"0010 -> 0020",3
959,"0010 -> 0020 -> 0030",1
960,"0010 -> 0020",1
961,"0010 -> 0020",1
962,"0010 -> 0020",2
963,"0010 -> 0020",1
964,"0010 -> 0020",1
965,"0010 -> 0020",2
966,"0010 -> 0020",3
967,"0010 -> 0020",6
968,"0010 -> 0020",10
969,"0010 -> 0020",4
970,"0010 -> 0020",6
971,"0010 -> 0020",9
972,"0010 -> 0020",13
973,"0010 -> 0020",1
974,"0010 -> 0020",9
975,"0010",4
976,"0010",2
977,"0010 -> 0020",6
978,"0010",12
979,"0010",1
980,"0010 -> 0020",8
981,"0010",1
982,"0010",1
983,"0010 -> 0020",9
984,"0010",9
985,"0010",2
986,"0010 -> 0020 -> 0030",5
987,"0010 -> 0020 -> 0030",1
988,"0010 -> 0020",5
989,"0010 -> 0020 -> 0030",5
990,"0010 -> 0020 -> 0030",1
991,"0010 -> 0020 -> 0030",6
992,"0010 -> 0020 -> 0030",2
993,"0010 -> 0020",19
993,"0005 -> 0010 -> 0020",1
994,"0010 -> 0020",2
995,"0010 -> 0020",189
996,"0010 -> 0020",19
997,"0010 -> 0020",6
998,"0010 -> 0020",4
999,"0010 -> 0020",1
1000,"0010 -> 0020",57
1001,"0010 -> 0020",52
1002,"0010 -> 0020",1
1003,"0010 -> 0020 -> 0030",1
1004,"0010 -> 0020",75
1005,"0010 -> 0020",23
1006,"0010 -> 0020",4
1007,"0010 -> 0020",2
1008,"0010",3
1009,"0010",14
1010,"0010",2
1011,"0010",6
1012,"0010",4
1013,"0010",14
1014,"0010",8
1015,"0010",20
1016,"0010",70
1017,"0010",24
1018,"0010",4
1019,"0010",7
1020,"0010",11
1021,"0010",9
1022,"0010",23
1023,"0010",10
1024,"0010",2
1025,"0010",12
1026,"0010",3
1027,"0010",4
1028,"0010 -> 0020 -> 0030",3
1029,"0010 -> 0020",3
1030,"0010 -> 0020",4
1031,"0010 -> 0020",5
1032,"0010 -> 0020",1
1033,"0010 -> 0020",2
1034,"0010 -> 0020",15
1035,"0010 -> 0020",12
1036,"0010 -> 0020",1
1037,"0010 -> 0020",3
1038,"0010 -> 0020",7
1039,"0010 -> 0020",3
1040,"0010 -> 0020",7
1041,"0010 -> 0020",8
1042,"0010 -> 0020",1
1043,"0010 -> 0020",26
1044,"0010 -> 0020",10
1045,"0010 -> 0020",10
1046,"0010 -> 0020",9
1047,"0010 -> 0020",5
1048,"0010 -> 0020",5
1049,"0010 -> 0020",1
1050,"0010 -> 0020",1
1051,"0010 -> 0020",33
1052,"0010 -> 0020",19
1053,"0010 -> 0020",9
1054,"0010 -> 0020",42
1055,"0010 -> 0020",19
1056,"0010 -> 0020",13
1057,"0010 -> 0020",10
1058,"0010 -> 0020",10
1059,"0010 -> 0020",5
1060,"0010 -> 0020",17
1061,"0010 -> 0020",50
1062,"0010 -> 0020",4
1063,"0010 -> 0020",16
1064,"0010 -> 0020",6
1065,"0010 -> 0020",6
1066,"0010 -> 0020",1
1067,"0010 -> 0020",4
1068,"0010 -> 0020",2
1069,"0010 -> 0020",16
1070,"0010 -> 0020",3
1071,"0010",64
1072,"0010 -> 0020",11
1073,"0010 -> 0020",47
1074,"0010 -> 0020",4
1075,"0010",197
1076,"0010",22
1077,"0010 -> 0020",17
1077,"0010",1
1078,"0010 -> 0020",227
1079,"0010 -> 0020",65
1080,"0010 -> 0020",6
1081,"0010 -> 0020",11
1082,"0010 -> 0020",464
1083,"0010 -> 0020",160
1084,"0010 -> 0020",3
1085,"0010 -> 0020",5
1086,"0010 -> 0020",1
1087,"0010 -> 0020",5
1088,"0010 -> 0020",7
1089,"0010 -> 0020",9
1090,"0010 -> 0020",39
1090,"0020 -> 0032",1
1091,"0010 -> 0020",4
1092,"0010 -> 0020",8
1093,"0010 -> 0020",7
1094,"0010 -> 0020",8
1095,"0010 -> 0020",12
1096,"0010 -> 0020",13
1097,"0010 -> 0020",26
1098,"0010 -> 0020",27
1099,"0010 -> 0020",3
1100,"0010 -> 0020",60
1101,"0010 -> 0020",33
1102,"0010 -> 0020",7
1103,"0010 -> 0020",10
1104,"0010 -> 0020",6
1105,"0010 -> 0020",1
1106,"0010 -> 0020",5
1107,"0010 -> 0020",24
1108,"0010 -> 0020",5
1109,"0010 -> 0020 -> 0030 -> 0040 -> 0050",8
1110,"0010 -> 0020",143
1111,"0010 -> 0020",63
1112,"0010 -> 0020",3
1113,"0010 -> 0020",3
1114,"0010 -> 0020",1
1115,"0010 -> 0020",5
1116,"0010 -> 0020",11
1117,"0010 -> 0020",3
1118,"0010 -> 0020",553
1119,"0010 -> 0020",158
1120,"0010 -> 0020",7
1121,"0010 -> 0020",4
1122,"0010 -> 0020",21
1123,"0010 -> 0020",16
1124,"0010 -> 0020",10
1125,"0010 -> 0020",10
1126,"0010 -> 0020",3
1127,"0010 -> 0020",57
1128,"0010 -> 0020",6
1129,"0010 -> 0020",2
1130,"0010 -> 0020",3
1131,"0010 -> 0020",4
1132,"0010 -> 0020",3
1133,"0010 -> 0020",2
1134,"0010 -> 0020",9
1135,"0010 -> 0020",3
1136,"0010 -> 0020",21
1137,"0010 -> 0020",3
1138,"0010 -> 0020",6
1139,"0010 -> 0020",20
1140,"0010 -> 0020",4
1141,"0010 -> 0020",4
1142,"0010 -> 0020",11
1143,"0010 -> 0020",4
1144,"0010 -> 0020",7
1145,"0010 -> 0020",5
1146,"0010 -> 0020",12
1147,"0010 -> 0020",5
1148,"0010 -> 0020",4
1149,"0010 -> 0020",32
1150,"0010 -> 0020",16
1151,"0010 -> 0020",5
1152,"0010 -> 0020",1
1153,"0010 -> 0020",41
1154,"0010 -> 0020",25
1155,"0010 -> 0020",17
1156,"0010 -> 0020",28
1157,"0010 -> 0020",3
1158,"0010 -> 0020",1
1159,"0010 -> 0020",7
1160,"0010 -> 0020",7
1161,"0010 -> 0020",2
1162,"0010 -> 0020",2
1163,"0010 -> 0020",26
1164,"0010 -> 0020",14
1165,"0010 -> 0020",31
1166,"0010 -> 0020",2
1167,"0010 -> 0020",24
1168,"0010 -> 0020",17
1169,"0010 -> 0020",12
1170,"0010 -> 0020",22
1171,"0010 -> 0020",9
1172,"0010 -> 0020",62
1173,"0010 -> 0020",30
1174,"0010 -> 0020",28
1175,"0010 -> 0020",18
1176,"0010 -> 0020",13
1177,"0010 -> 0020",12
1178,"0010 -> 0020",138
1178,"0010",1
1179,"0010 -> 0020",15
1180,"0010 -> 0020",10
1181,"0010 -> 0020",1
1182,"0010 -> 0020",7
1183,"0010 -> 0020",4
1184,"0010 -> 0020",1
1185,"0010 -> 0020",7
1186,"0010 -> 0020",2
1187,"0010 -> 0020",5
1188,"0010 -> 0020",11
1189,"0010 -> 0020",193
1190,"0010 -> 0020",111
1191,"0010 -> 0020",12
1192,"0010 -> 0020",2
1193,"0010 -> 0020",89
1194,"0010 -> 0020",9
1195,"0010 -> 0020",13
1196,"0010 -> 0020",1
1197,"0010 -> 0020",69
1198,"0010 -> 0020",30
1199,"0010 -> 0020",34
1200,"0010 -> 0020",7
1201,"0010 -> 0020",6
1202,"0010 -> 0020",16
1203,"0010 -> 0020",13
1204,"0010 -> 0020",13
1205,"0010 -> 0020",9
1206,"0010 -> 0020",23
1207,"0010 -> 0020",10
1208,"0010 -> 0020",14
1209,"0010 -> 0020",18
1210,"0010 -> 0020",9
1211,"0010 -> 0020",6
1212,"0010 -> 0020",7
1213,"0010 -> 0020",18
1214,"0010 -> 0020",16
1215,"0010 -> 0020",18
1216,"0010 -> 0020",4
1217,"0010 -> 0020",4
1218,"0010 -> 0020",10
1219,"0010 -> 0020",12
1220,"0010 -> 0020",4
1221,"0010 -> 0020",19
1222,"0010 -> 0020",65
1223,"0010 -> 0020",2
1224,"0010 -> 0020",32
1225,"0010 -> 0020",5
1226,"0010 -> 0020",4
1227,"0010 -> 0020",56
1228,"0010 -> 0020",26
1228,"0010",1
1229,"0010 -> 0020",1
1230,"0010 -> 0020",19
1231,"0010 -> 0020",3
1232,"0010 -> 0020",53
1233,"0010 -> 0020",28
1234,"0010 -> 0020",17
1235,"0010 -> 0020",54
1236,"0010 -> 0020",16
1237,"0010 -> 0020",20
1238,"0010 -> 0020",12
1239,"0010 -> 0020",8
1240,"0010 -> 0020",12
1241,"0010 -> 0020",3
1242,"0010 -> 0020",2
1243,"0010 -> 0020",21
1244,"0010 -> 0020",17
1245,"0010 -> 0020",8
1246,"0010 -> 0020",18
1247,"0010 -> 0020",17
1248,"0010 -> 0020",3
1249,"0010 -> 0020",14
1250,"0010 -> 0020",14
1251,"0010 -> 0020",36
1252,"0010 -> 0020",21
1253,"0010 -> 0020",4
1254,"0010 -> 0020",3
1255,"0010 -> 0020",12
1256,"0010 -> 0020",13
1257,"0010 -> 0020",22
1258,"0010 -> 0020",22
1259,"0010 -> 0020",21
1260,"0010 -> 0020",14
1261,"0010 -> 0020",9
1262,"0010 -> 0020",9
1263,"0010 -> 0020",2
1264,"0010 -> 0020",10
1265,"0010 -> 0020",7
1266,"0010 -> 0020",2
1267,"0010 -> 0020",21
1268,"0010 -> 0020",18
1269,"0010 -> 0020",7
1270,"0010 -> 0020",6
1271,"0010 -> 0020",8
1272,"0010 -> 0020",4
1273,"0010 -> 0020",3
1274,"0010 -> 0020",3
1275,"0010 -> 0020",5
1276,"0010 -> 0020",3
1277,"0010 -> 0020",2
1278,"0010 -> 0020",8
1279,"0010 -> 0020",1
1280,"0010 -> 0020",12
1281,"0010 -> 0020",2
1282,"0010 -> 0020",16
1283,"0010 -> 0020",7
1284,"0010 -> 0020",2
1285,"0010 -> 0020",8
1286,"0010 -> 0020",11
1287,"0010 -> 0020",2
1288,"0010 -> 0020",24
1289,"0010 -> 0020",85
1290,"0010 -> 0020",5
1291,"0010 -> 0020",4
1292,"0010 -> 0020",25
1293,"0010 -> 0020",3
1294,"0010 -> 0020",82
1295,"0010 -> 0020",193
1296,"0010 -> 0020",6
1297,"0010 -> 0020",22
1298,"0010 -> 0020",28
1299,"0010 -> 0020",25
1300,"0010 -> 0020",11
1301,"0010 -> 0020",5
1302,"0010 -> 0020",6
1303,"0010 -> 0020",8
1304,"0010 -> 0020",8
1305,"0010 -> 0020",30
1306,"0010 -> 0020",17
1307,"0010 -> 0020",17
1308,"0010 -> 0020",18
1309,"0010 -> 0020",10
1310,"0010 -> 0020",24
1311,"0010 -> 0020",2
1312,"0010 -> 0020",2
1313,"0010 -> 0020",17
1314,"0010 -> 0020",6
1315,"0010 -> 0020",1
1316,"0010 -> 0020",1
1317,"0010 -> 0020",2
1318,"0010 -> 0020",1
1319,"0010 -> 0020",7
1320,"0010 -> 0020",2
1321,"0010 -> 0020",1
1322,"0010 -> 0020",1
1323,"0010 -> 0020",16
1324,"0010 -> 0020",9
1325,"0010 -> 0020",1
1326,"0010 -> 0020",24
1327,"0010 -> 0020",27
1328,"0010 -> 0020",21
1329,"0010 -> 0020",10
1330,"0010 -> 0020",25
1331,"0010 -> 0020 -> 0030",5
1332,"0010 -> 0020",7
1333,"0010 -> 0020",3
1334,"0010 -> 0020",12
1335,"0010 -> 0020",42
1336,"0010 -> 0020",3
1337,"0010 -> 0020",2
1338,"0010 -> 0020",17
1339,"0010 -> 0020",1
1340,"0010 -> 0020",14
1341,"0010 -> 0020",4
1342,"0010 -> 0020",1
1343,"0010 -> 0020",2
1344,"0010 -> 0020",7
1345,"0010 -> 0020",9
1346,"0010 -> 0020",2
1347,"0010 -> 0020",4
1348,"0010 -> 0020",1
1349,"0010 -> 0020",9
1350,"0010 -> 0020 -> 0030",1
1351,"0010",2
1352,"0010 -> 0020",1
1353,"0010",1
1354,"0010",7
1355,"0010",2
1356,"0010",1
1357,"0010",3
1358,"0010",4
1359,"0010",5
1360,"0010",6
1361,"0010",2
1362,"0010",1
1363,"0010",17
1364,"0010",16
1365,"0010",10
1366,"0010",14
1367,"0010 -> 0020",1
1368,"0010",14
1369,"0010",10
1370,"0010",8
1371,"0010",9
1372,"0010",5
1373,"0010",16
1374,"0010",5
1375,"0010",1
1376,"0010",9
1377,"0010",2
1378,"0010",22
1379,"0010",4
1380,"0010",18
1381,"0010",89
1382,"0010",17
1383,"0010",11
1384,"0010",8
1385,"0010",9
1386,"0010 -> 0020",13
1387,"0010 -> 0020",10
1388,"0010 -> 0020",14
1389,"0010 -> 0020",4
1390,"0010 -> 0020",4
1391,"0010",16
1392,"0010 -> 0020",1
1393,"0010",1
1394,"0010",2
1395,"0010",4
1396,"0010",4
1397,"0010",2
1398,"0010",2
1399,"0010",1
1400,"0010",50
1401,"0010",19
1402,"0010",3
1403,"0010",2
1404,"0010",4
1405,"0010",2
1406,"0010",21
1407,"0010",4
1408,"0010",32
1409,"0010",2
1410,"0010",93
1411,"0010",26
1412,"0010",2
1413,"0010",18
1414,"0010",5
1415,"0010",23
1416,"0010",16
1417,"0010",14
1418,"0010",16
1419,"0010",4
1420,"0010",16
1421,"0010",9
1422,"0010",51
1423,"0010",20
1424,"0010",5
1425,"0010",1
1426,"0010",86
1427,"0010",2
1428,"0010",14
1429,"0010",10
1430,"0010",2
1431,"0010",1
1432,"0010",3
1433,"0010",11
1434,"0010",3
1435,"0010",12
1436,"0010",2
1437,"0010",2
1438,"0010",53
1439,"0010",18
1440,"0010",3
1441,"0010",1
1442,"0010",1
1443,"0010",8
1444,"0010",60
1445,"0010",5
1446,"0010",4
1447,"0010",6
1448,"0010",27
1449,"0010",2
1450,"0010",30
1451,"0010",3
1452,"0010",6
1453,"0010",8
1454,"0010",6
1455,"0010",7
1456,"0010",11
1457,"0010",6
1458,"0010",3
1459,"0010",4
1460,"0010",4
1461,"0010",2
1462,"0010",3
1463,"0010",24
1464,"0010",1
1465,"0010",12
1466,"0010",3
1467,"0010",4
1468,"0010",19
1469,"0010",5
1470,"0010",3
1471,"0010",55
1472,"0010",3
1473,"0010",12
1474,"0010",13
1475,"0010",4
1476,"0010",3
1477,"0010",3
1478,"0010",1
1479,"0010",2
1480,"0010",1
1481,"0010",1
1482,"0010",1
1483,"0010",2
1484,"0010",2
1485,"0010",1
1486,"0010",36
1487,"0010",13
1488,"0010",2
1489,"0010",10
1490,"0010",1
1491,"0010",10
1492,"0010",3
1493,"0010 -> 0020",30
1493,"0010",10
1494,"0010",286
1495,"0010",9
1496,"0010",1
1497,"0010",2
1498,"0010",5
1499,"0010",2
1500,"0010",10
1501,"0010",1
1502,"0010",4
1503,"0010",3
1504,"0010",25
1505,"0010",5
1506,"0010",6
1507,"0010",7
1508,"0010",6
1509,"0010",5
1510,"0010",1
1511,"0010",5
1512,"0010",7
1513,"0010",1
1514,"0010",4
1515,"0010",6
1516,"0010",17
1517,"0010",5
1518,"0010",4
1519,"0010",1
1520,"0010",5
1521,"0010",5
1522,"0010",5
1523,"0010",6
1524,"0010",6
1525,"0010",3
1526,"0010",3
1527,"0010",2
1528,"0010",2
1529,"0010",2
1530,"0010",1
1531,"0010",19
1532,"0010",7
1533,"0010",3
1534,"0010",1
1535,"0010",3
1536,"0010",2
1537,"0010",6
1538,"0010",9
1539,"0010",2
1540,"0010",13
1541,"0010",2
1542,"0010",12
1543,"0010",17
1544,"0010",64
1545,"0010",2
1546,"0010",7
1547,"0010",1
1548,"0010",9
1549,"0010",3
1550,"0010",6
1551,"0010",2
1552,"0010",1
1553,"0010",4
1554,"0010",4
1555,"0010",8
1556,"0010",3
1557,"0010",1
1558,"0010",3
1559,"0010",1
1560,"0010",1
1561,"0010",4
1562,"0010",2
1563,"0010",5
1564,"0010",15
1565,"0010",3
1566,"0010",11
1567,"0010",9
1568,"0010",2
1569,"0010",4
1570,"0010",14
1571,"0010",4
1572,"0010",6
1573,"0010",8
1574,"0010",1
1575,"0010",5
1576,"0010",5
1577,"0010",4
1578,"0010",3
1579,"0010",9
1580,"0010",2
1581,"0010",10
1582,"0010",15
1583,"0010",7
1584,"0010",10
1585,"0010",3
1586,"0010",1
1587,"0010",3
1588,"0010",15
1589,"0010",5
1590,"0010",4
1591,"0010",3
1592,"0010",3
1593,"0010",2
1594,"0010",2
1595,"0010",2
1596,"0010",1
1597,"0010",13
1598,"0010 -> 0020",1
1599,"0010",4
1600,"0010",11
1601,"0010",2
1602,"0010",3
1603,"0010",4
1604,"0010",2
1605,"0010",2
1606,"0010 -> 0020",4
1607,"0010",1
1608,"0010",1
1609,"0010 -> 0020",1
1610,"0010 -> 0020",8
1611,"0010 -> 0020",1
1612,"0010 -> 0020",6
1613,"0010 -> 0020",4
1614,"0010 -> 0020",10
1615,"0010 -> 0020",1
1616,"0010 -> 0020",6
1617,"0010 -> 0020",10
1618,"0010 -> 0020",7
1619,"0010 -> 0020",12
1620,"0010 -> 0020",14
1621,"0010 -> 0020",2
1622,"0010 -> 0020",70
1623,"0010 -> 0020",10
1624,"0010 -> 0020",13
1625,"0010 -> 0020",24
1625,"0010",3
1626,"0010 -> 0020",3
1626,"0010",2
1627,"0010 -> 0020",3
1628,"0010 -> 0020",5
1629,"0010 -> 0020",4
1630,"0010 -> 0020",2
1631,"0010 -> 0020",26
1631,"0010",1
1632,"0010 -> 0020",18
1633,"0010 -> 0020",7
1634,"0010 -> 0020",10
1635,"0010 -> 0020",5
1636,"0010 -> 0020",18
1637,"0010 -> 0020",9
1638,"0010 -> 0020",11
1639,"0010 -> 0020",2
1640,"0010 -> 0020",14
1641,"0010 -> 0020",4
1642,"0010",3
1642,"0010 -> 0020",3
1643,"0010 -> 0020",3
1644,"0010 -> 0020",6
1645,"0010 -> 0020",2
1646,"0010 -> 0020",70
1646,"0010",34
1647,"0010 -> 0020",12
1647,"0010",7
1648,"0010 -> 0020",36
1649,"0010 -> 0020",13
1649,"0010",7
1650,"0010 -> 0020",7
1651,"0010 -> 0020",52
1652,"0010 -> 0020",27
1653,"0010",1
1653,"0010 -> 0020",1
1654,"0010 -> 0020",7
1655,"0010 -> 0020",3
1656,"0010 -> 0020",4
1657,"0010 -> 0020",31
1658,"0010 -> 0020",1
1659,"0010 -> 0020",1
1660,"0010 -> 0020",1
1661,"0010 -> 0020",13
1662,"0010 -> 0020",7
1663,"0010 -> 0020",5
1664,"0010 -> 0020",5
1665,"0010 -> 0020",11
1666,"0010 -> 0020",8
1667,"0010 -> 0020",6
1668,"0010 -> 0020",5
1669,"0010 -> 0020",1
1670,"0010 -> 0020",6
1671,"0010 -> 0020",1
1672,"0010 -> 0020",10
1673,"0010 -> 0020",11
1674,"0010",3
1674,"0010 -> 0020",3
1675,"0010 -> 0020",2
1676,"0010 -> 0020",5
1676,"0010",4
1677,"0010",4
1677,"0010 -> 0020",4
1678,"0010 -> 0020",17
1679,"0010",4
1679,"0010 -> 0020",2
1680,"0010 -> 0020",27
1681,"0010 -> 0020",14
1682,"0010 -> 0020",1
1683,"0010 -> 0020",7
1684,"0010 -> 0020",3
1685,"0010 -> 0020",1
1686,"0010 -> 0020",10
1687,"0010 -> 0020",10
1688,"0010 -> 0020",8
1689,"0010 -> 0020",12
1690,"0010 -> 0020",19
1691,"0010 -> 0020",1
1692,"0010 -> 0020",18
1693,"0010 -> 0020",4
1694,"0010",1
1694,"0010 -> 0020",1
1695,"0010 -> 0020",8
1696,"0010 -> 0020",12
1697,"0010 -> 0020",1
1698,"0010 -> 0020",2
1699,"0010 -> 0020",4
1700,"0010 -> 0020",9
1701,"0010 -> 0020",3
1702,"0010 -> 0020",14
1703,"0010 -> 0020",11
1704,"0010 -> 0020",14
1705,"0010 -> 0020",31
1706,"0010 -> 0020",15
1707,"0010 -> 0020",6
1708,"0010 -> 0020",2
1709,"0010 -> 0020",5
1710,"0010 -> 0020",7
1711,"0010 -> 0020",1
1712,"0010 -> 0020",5
1713,"0010 -> 0020",23
1714,"0010 -> 0020",10
1715,"0010 -> 0020",2
1716,"0010 -> 0020",4
1717,"0010",4
1718,"0010 -> 0020",7
1718,"0020",1
1719,"0010",4
1720,"0010 -> 0020",6
1721,"0010 -> 0020",13
1721,"0020",2
1722,"0010 -> 0020",5
1723,"0010",5
1724,"0010 -> 0020",4
1725,"0010",10
1726,"0010 -> 0020",1
1727,"0010 -> 0020",3
1728,"0010 -> 0020",28
1729,"0010 -> 0020",1
1730,"0010 -> 0020",4
1731,"0010 -> 0020",7
1732,"0010 -> 0020",5
1733,"0010 -> 0020",21
1734,"0010 -> 0020",9
1735,"0010 -> 0020",9
1736,"0010 -> 0020",1
1737,"0010 -> 0020",10
1738,"0010 -> 0020",14
1739,"0010 -> 0020",5
1740,"0010",2
1741,"0010 -> 0020",16
1742,"0010 -> 0020",4
1743,"0010 -> 0020",8
1744,"0010 -> 0020",2
1745,"0010 -> 0020",2
1745,"0010",1
1746,"0010 -> 0020",14
1747,"0010 -> 0020",9
1748,"0010 -> 0020",8
1749,"0010 -> 0020",16
1749,"0010",11
1750,"0010 -> 0020",2
1751,"0010",1
1751,"0010 -> 0020",1
1752,"0010 -> 0020",8
1752,"0010",1
1753,"0010 -> 0020",3
1754,"0010 -> 0020",2
1755,"0010 -> 0020",1
1756,"0010 -> 0020",1
1757,"0010",29
1758,"0010",1
1759,"0010",1
1760,"0010 -> 0020",11
1761,"0010 -> 0020",9
1762,"0010 -> 0020",5
1763,"0010 -> 0020",3
1764,"0010 -> 0020",12
1765,"0010 -> 0020",1
1766,"0010 -> 0020",1
1767,"0010 -> 0020",6
1767,"0010",2
1768,"0010 -> 0020",12
1769,"0010 -> 0020",3
1770,"0010 -> 0020",7
1771,"0010 -> 0020",7
1772,"0010 -> 0020",2
1773,"0010 -> 0020",10
1774,"0010 -> 0020",27
1775,"0010 -> 0020",3
1776,"0010 -> 0020",1
1777,"0010 -> 0020",5
1778,"0010 -> 0020",7
1778,"0010",1
1779,"0010 -> 0020",1
1780,"0010 -> 0020",5
1781,"0010 -> 0020",6
1782,"0010 -> 0020",5
1783,"0010 -> 0020",4
1783,"0010",1
1784,"0010 -> 0020",53
1785,"0010 -> 0020",400
1786,"0010 -> 0020",10
1787,"0010 -> 0020",60
1788,"0010 -> 0020",1404
1789,"0010 -> 0020",3
1790,"0010 -> 0020",12
1791,"0010 -> 0020",6
1792,"0010 -> 0020",3
1793,"0010 -> 0020",17
1794,"0010 -> 0020",16
1795,"0010 -> 0020",7
1796,"0010 -> 0020",7
1797,"0010 -> 0020",2
1798,"0010 -> 0020",1
1799,"0010 -> 0020",10
1800,"0010 -> 0020",6
1801,"0010 -> 0020",10
1802,"0010 -> 0020",1
1803,"0010 -> 0020",1
1804,"0010 -> 0020",100
1805,"0010 -> 0020",5
1806,"0010 -> 0020",1
1807,"0010 -> 0020",8
1808,"0010 -> 0020",5
1809,"0010 -> 0020",17
1810,"0010 -> 0020",2
1811,"0010 -> 0020",1
1812,"0010 -> 0020",6
1813,"0010 -> 0020",3
1814,"0010 -> 0020",4
1815,"0010 -> 0020",10
1816,"0010 -> 0020",4
1817,"0010",2
1817,"0010 -> 0020",1
1818,"0010 -> 0020",3
1819,"0010 -> 0020",2
1820,"0010 -> 0020",2
1821,"0010 -> 0020",3
1822,"0010 -> 0020",3
1823,"0010 -> 0020",1
1824,"0010 -> 0020",1
1825,"0010 -> 0020",1
1826,"0010 -> 0020",4
1827,"0010 -> 0020",5
1828,"0010 -> 0020",8
1828,"0020",1
1829,"0010",8
1830,"0010 -> 0020",3
1831,"0010 -> 0020",2
1832,"0010 -> 0020",7
1833,"0010 -> 0020",16
1834,"0010 -> 0020",6
1835,"0010 -> 0020",4
1836,"0010 -> 0020",1
1837,"0010 -> 0020",2
1838,"0010 -> 0020",17
1839,"0010 -> 0020",6
1840,"0010 -> 0020",4
1841,"0010 -> 0020",3
1842,"0010 -> 0020",8
1843,"0010 -> 0020",4
1844,"0010 -> 0020",5
1845,"0010 -> 0020",17
1846,"0010 -> 0020",2
1847,"0010 -> 0020",4
1848,"0010 -> 0020",3
1849,"0010 -> 0020",3
1850,"0010 -> 0020",3
1851,"0010 -> 0020",6
1852,"0010 -> 0020",3
1853,"0010 -> 0020",4
1854,"0010 -> 0020",11
1855,"0010 -> 0020",6
1855,"0010",1
1856,"0010 -> 0020",9
1857,"0010 -> 0020",8
1857,"0010",1
1858,"0010",2
1858,"0010 -> 0020",1
1859,"0010 -> 0020 -> 0030",8
1860,"0010 -> 0020",4
1861,"0010 -> 0020",13
1862,"0010 -> 0020",2
1862,"0010",1
1863,"0010 -> 0020",10
1864,"0010 -> 0020",3
1865,"0010 -> 0020",1
1866,"0010 -> 0020",6
1867,"0010 -> 0020",1
1868,"0010 -> 0020",35
1869,"0010 -> 0020",2
1870,"0010",65
1871,"0010 -> 0020",2
1872,"0010 -> 0020",144
1873,"0010",27
1874,"0010",3
1875,"0010 -> 0020",6
1876,"0010 -> 0020",8
1877,"0010 -> 0020",15
1878,"0010",3
1879,"0010 -> 0020",2
1880,"0010",14
1881,"0010 -> 0020",3
1882,"0010",126
1883,"0010 -> 0020",2
1884,"0010",44
1885,"0010",10
1886,"0010 -> 0020",1
1887,"0010 -> 0020",3
1888,"0010 -> 0020",22
1889,"0010 -> 0020",8
1890,"0010 -> 0020",8
1891,"0010 -> 0020",4
1892,"0010 -> 0020",2
1893,"0010 -> 0020",2
1894,"0010 -> 0020",2
1895,"0010 -> 0020",10
1896,"0010 -> 0020",6
1897,"0010 -> 0020",42
1898,"0010 -> 0020",1
1899,"0010 -> 0020",4
1900,"0010",2
1901,"0010",2
1902,"0010 -> 0020 -> 0030",2
1903,"0010 -> 0020",2
1904,"0010 -> 0020",1
1905,"0010",24
1906,"0010",45
1907,"0010",50
1908,"0010",32
1909,"0010",1
1910,"0010",174
1911,"0010",13
1912,"0010",1
1913,"0010",9
1914,"0010",22
1915,"0010",24
1916,"0010",44
1917,"0010",144
1918,"0010",95
1919,"0010",56
1920,"0010",6
1921,"0010",2
1922,"0010",6
1923,"0010",9
1924,"0010",1
1925,"0010",22
1926,"0010",24
1927,"0010",7
1928,"0010",14
1929,"0010",4
1930,"0010",130
1931,"0010",18
1932,"0010",3
1933,"0010",1
1934,"0010",2
1935,"0010",3
1936,"0010",7
1937,"0010",6
1938,"0010",9
1939,"0010",2
1940,"0010",3
1941,"0010",4
1942,"0010",4
1943,"0010",5
1944,"0010",2
1945,"0010",3
1946,"0010",8
1947,"0010",3
1948,"0010",10
1949,"0010",10
1950,"0010",9
1951,"0010",35
1952,"0010",6
1953,"0010",16
1954,"0010",3
1955,"0010",5
1956,"0010",6
1957,"0010",18
1958,"0010",8
1959,"0010",4
1960,"0010",13
1961,"0010",3
1962,"0010",3
1963,"0010",3
1964,"0010",4
1965,"0010",10
1966,"0010",22
1967,"0010",14
1968,"0010",6
1969,"0010",4
1970,"0010",1
1971,"0010",9
1972,"0010",7
1973,"0010",10
1974,"0010",13
1975,"0010",17
1976,"0010",3
1977,"0010",1
1978,"0010",1
1979,"0010",1
1980,"0010",2
1981,"0010",2
1982,"0010",1
1983,"0010",1
1984,"0010",1
1985,"0010",2
1986,"0010",1
1987,"0010",21
1988,"0010",8
1989,"0010",1
1990,"0010",1
1991,"0010",6
1992,"0010",9
1993,"0010",11
1994,"0010",8
1995,"0010",1
1996,"0010",4
1997,"0010",1
1998,"0010",8
1999,"0010",9
2000,"0010",9
2001,"0010",27
2002,"0010",11
2003,"0010",14
2004,"0010",20
2005,"0010",56
2006,"0010",272
2007,"0010",21
2008,"0010",3
2009,"0010",34
2010,"0010",24
2011,"0010",4
2012,"0010",67
2013,"0010",6
2014,"0010",8
2015,"0010",6
2016,"0010",5
2017,"0010",5
2018,"0010",4
2019,"0010",3
2020,"0010",8
2021,"0010",23
2022,"0010",56
2023,"0010",5
2024,"0010",91
2025,"0010",5
2026,"0010",67
2027,"0010",130
2028,"0010",75
2029,"0010",57
2030,"0010",15
2031,"0010",15
2032,"0010",3
2033,"0010",1
2034,"0010",10
2035,"0010",7
2036,"0010",6
2037,"0010",7
2038,"0010",12
2039,"0010",15
2040,"0010",10
2041,"0010",7
2042,"0010",6
2043,"0010",7
2044,"0010",11
2045,"0010",17
2046,"0010",17
2047,"0010",20
2048,"0010",8
2049,"0010",8
2050,"0010",43
2051,"0010",45
2052,"0010",9
2053,"0010",41
2054,"0010",11
2055,"0010",8
2056,"0010",25
2057,"0010",12
2058,"0010",7
2059,"0010",17
2060,"0010",19
2061,"0010",3
2062,"0010",2
2063,"0010",1
2064,"0010",4
2065,"0010",8
2066,"0010",5
2067,"0010",40
2068,"0010",161
2069,"0010",18
2070,"0010",25
2071,"0010",12
2072,"0010",48
2073,"0010",4
2074,"0010",28
2075,"0010",24
2076,"0010",4
2077,"0010",3
2078,"0010",28
2079,"0010",24
2080,"0010",4
2081,"0010",8
2082,"0010",3
2083,"0010",24
2084,"0010",5
2085,"0010",4
2086,"0010 -> 0020",24
2087,"0010 -> 0020",4
2088,"0010 -> 0020",14
2089,"0010 -> 0020",1
2090,"0010 -> 0020 -> 0030",1
2091,"0010 -> 0020",120
2092,"0010 -> 0020",6
2093,"0010 -> 0020 -> 0030",4
2094,"0010 -> 0020",15
2095,"0010 -> 0020 -> 0030",4
2096,"0010 -> 0020",4
2097,"0010 -> 0020",3
2098,"0010 -> 0020",66
2099,"0010 -> 0020 -> 0030",2
2100,"0010 -> 0020",3
2101,"0010 -> 0020",12
2102,"0010 -> 0020",12
2103,"0010 -> 0020",2
2104,"0010 -> 0020",4
2105,"0010 -> 0020",7
2106,"0010 -> 0020",3
2107,"0010 -> 0020",5
2108,"0010 -> 0020",4
2109,"0010 -> 0020",17
2109,"0010",1
2110,"0010 -> 0020",20
2111,"0010 -> 0020",6
2112,"0010 -> 0020",2
2113,"0010 -> 0020",10
2114,"0010 -> 0020",6
2115,"0010 -> 0020",1
2115,"0010 -> 0020 -> 0030",1
2116,"0010 -> 0020",10
2117,"0010 -> 0020",9
2118,"0010 -> 0020",9
2119,"0010 -> 0020",1
2120,"0010 -> 0020",1
2121,"0010 -> 0020",4
2122,"0010 -> 0020",6
2123,"0010 -> 0020",5
2124,"0010 -> 0020",4
2125,"0010 -> 0020",7
2126,"0010 -> 0020",6
2127,"0010 -> 0020",12
2128,"0010 -> 0020",2
2129,"0010 -> 0020",3
2130,"0010 -> 0020",3
2131,"0010 -> 0020",9
2132,"0010 -> 0020",13
2133,"0010 -> 0020",2
2134,"0010 -> 0020",6
2135,"0010 -> 0020",9
2136,"0010 -> 0020",10
2137,"0010 -> 0020",5
2138,"0010 -> 0020",10
2139,"0010 -> 0020",11
2140,"0010 -> 0020",9
2141,"0010 -> 0020",4
2142,"0010 -> 0020",2
2143,"0010 -> 0020",2
2144,"0010 -> 0020",8
2145,"0010 -> 0020",7
2146,"0010 -> 0020",16
2147,"0010 -> 0020",4
2148,"0010 -> 0020",8
2149,"0010 -> 0020",9
2150,"0010 -> 0020",8
2151,"0010 -> 0020",12
2152,"0010 -> 0020",14
2153,"0010 -> 0020",8
2154,"0010 -> 0020",13
2155,"0010 -> 0020",1
2156,"0010 -> 0020",7
2157,"0010 -> 0020",13
2158,"0010 -> 0020",3
2159,"0010 -> 0020",13
2160,"0010 -> 0020",4
2161,"0010 -> 0020",1
2162,"0010 -> 0020",26
2163,"0010 -> 0020",18
2164,"0010 -> 0020",6
2165,"0010 -> 0020",8
2166,"0010 -> 0020",7
2167,"0010 -> 0020",3
2168,"0010 -> 0020",4
2169,"0010 -> 0020",18
2170,"0010 -> 0020",2
2171,"0010 -> 0020",33
2172,"0010 -> 0020",10
2173,"0010 -> 0020",6
2174,"0010 -> 0020",2
2175,"0010 -> 0020",6
2176,"0010 -> 0020",11
2177,"0010 -> 0020",10
2178,"0010 -> 0020",2
2179,"0010 -> 0020",21
2180,"0010 -> 0020",22
2181,"0010 -> 0020",5
2182,"0010 -> 0020",16
2183,"0010 -> 0020",12
2184,"0010 -> 0020",8
2185,"0010 -> 0020",8
2186,"0010 -> 0020",1
2187,"0010",1
2188,"0010 -> 0020",9
2189,"0010 -> 0020",7
2190,"0010 -> 0020",11
2191,"0010 -> 0020",4
2192,"0010 -> 0020",4
2193,"0010 -> 0020",1
2194,"0010 -> 0020",13
2195,"0010 -> 0020",8
2196,"0010 -> 0020",9
2197,"0010 -> 0020",6
2198,"0010 -> 0020",7
2199,"0010 -> 0020 -> 0030",26
2200,"0010 -> 0020 -> 0030",10
2201,"0010 -> 0020 -> 0030",11
2202,"0010 -> 0020",15
2203,"0010 -> 0020",20
2204,"0010 -> 0020",1
2205,"0010 -> 0020",4
2206,"0010 -> 0020",7
2207,"0010 -> 0020",6
2208,"0010 -> 0020",6
2209,"0010 -> 0020",1
2210,"0010 -> 0020",4
2211,"0010 -> 0020",7
2212,"0010 -> 0020",8
2213,"0010 -> 0020",10
2214,"0010 -> 0020",4
2215,"0010 -> 0020",4
2216,"0010 -> 0020",7
2217,"0010 -> 0020",3
2218,"0010 -> 0020",3
2219,"0010 -> 0020",3
2220,"0010 -> 0020",2
2221,"0010 -> 0020",11
2222,"0010 -> 0020",5
2223,"0010 -> 0020",7
2224,"0010 -> 0020",7
2225,"0010 -> 0020",2
2226,"0010 -> 0020",4
2227,"0010 -> 0020",1
2228,"0010 -> 0020",2
2229,"0010 -> 0020",2
2230,"0010 -> 0020",1
2231,"0010 -> 0020",1
2232,"0010 -> 0020",1
2233,"0010 -> 0020",1
2234,"0010 -> 0020",1
2235,"0010 -> 0020",7
2236,"0010 -> 0020",12
2237,"0010",1
2238,"0010",1
2239,"0010",3
2240,"0010",2
2241,"0010",4
2242,"0010",5
2243,"0010 -> 0020",3
2244,"0010 -> 0020",6
2245,"0010 -> 0020",10
2246,"0010 -> 0020",10
2247,"0010 -> 0020",9
2248,"0010 -> 0020",10
2249,"0010 -> 0020",21
2250,"0010 -> 0020",13
2251,"0010 -> 0020",1
2252,"0010 -> 0020",3
2253,"0010 -> 0020",2
2254,"0010 -> 0020",2
2255,"0010 -> 0020",2
2256,"0010 -> 0020",2
2257,"0010 -> 0020",2
2258,"0010 -> 0020",2
2259,"0010 -> 0020",2
2260,"0010 -> 0020",1
2261,"0010 -> 0020",8
2262,"0010 -> 0020",1
2263,"0010 -> 0020",2
2264,"0010 -> 0020",3
2265,"0010 -> 0020",3
2266,"0010 -> 0020",2
2267,"0010 -> 0020",9
2268,"0010 -> 0020",9
2269,"0010 -> 0020",2
2270,"0010 -> 0020",19
2271,"0010 -> 0020",187
2272,"0010 -> 0020 -> 0030",53
2273,"0010 -> 0020",44
2274,"0010 -> 0020 -> 0030",177
2275,"0010 -> 0020",158
2276,"0010 -> 0020",3
2277,"0010 -> 0020",294
2277,"0005 -> 0010 -> 0020",1
2278,"0010 -> 0020",12
2279,"0010 -> 0020",18
2280,"0010 -> 0020",91
2281,"0010 -> 0020",1
2281,"0010 -> 0020 -> 0030",1
2282,"0010 -> 0020",58
2283,"0010 -> 0020",74
2284,"0010 -> 0020",6
2285,"0010 -> 0020",8
2286,"0010 -> 0020",5
2287,"0010 -> 0020",12
2288,"0010 -> 0020 -> 0030",10
2289,"0010 -> 0020",12
2290,"0010 -> 0020 -> 0030",32
2291,"0010 -> 0020",47
2292,"0010 -> 0020 -> 0030",20
2293,"0010 -> 0020",19
2294,"0010 -> 0020 -> 0030",16
2295,"0010 -> 0020",28
2296,"0010 -> 0020 -> 0030",3
2297,"0010 -> 0020",4
2298,"0010 -> 0020",7
2299,"0010 -> 0020",6
2300,"0010 -> 0020",10
2301,"0010 -> 0020",7
2302,"0010 -> 0020",11
2303,"0010 -> 0020",20
2303,"0010 -> 0020 -> 0030",3
2304,"0010 -> 0020",2
2305,"0010 -> 0020",3
2306,"0010 -> 0020",10
2307,"0010 -> 0020",28
2308,"0010 -> 0020",1
2309,"0010",5
2310,"0010",4
2311,"0010",1
2312,"0010",3
2313,"0010",2
2314,"0010",3
2315,"0010",6
2316,"0010",4
2317,"0010",12
2318,"0010",2
2319,"0010",5
2320,"0010",1
2321,"0010",1
2322,"0010",1
2323,"0010",1
2324,"0010",3
2325,"0010",25
2326,"0010",9
2327,"0010",3
2328,"0010",1
2329,"0010",1
2330,"0010",3
2331,"0010",1
2332,"0010",5
2333,"0010",3
2334,"0010",3
2335,"0010",2
2336,"0010",1
2337,"0010",1
2338,"0010",2
2339,"0010",6
2340,"0010",2
2341,"0010",29
2342,"0010",11
2343,"0010",1
2344,"0010",2
2345,"0010",1
2346,"0010",3
2347,"0010",5
2348,"0010",9
2349,"0010",8
2350,"0010",1
2351,"0010",1
2352,"0010",3
2353,"0010",3
2354,"0010",6
2355,"0010",1
2356,"0010",1
2357,"0010",1
2358,"0010",2
2359,"0010",11
2360,"0010",1
2361,"0010",1
2362,"0010",3
2363,"0010",8
2364,"0010",4
2365,"0010",1
2366,"0010",7
2367,"0010",1
2368,"0010",11
2369,"0010",13
2370,"0010",3
2371,"0010",4
2372,"0010",11
2373,"0010",4
2374,"0010",13
2375,"0010",12
2376,"0010",6
2377,"0010",2
2378,"0010",5
2379,"0010",1
2380,"0010",9
2381,"0010",1
2382,"0010",3
2383,"0010",3
2384,"0010",3
2385,"0010",3
2386,"0010",1
2387,"0010",4
2388,"0010",3
2389,"0010",3
2390,"0010",5
2391,"0010",4
2392,"0010 -> 0020",2
2393,"0010 -> 0020",2
2394,"0010 -> 0020",2
2395,"0010 -> 0020",2
2396,"0010 -> 0020",2
2397,"0010 -> 0020",2
2398,"0010",14
2399,"0010",1
2400,"0010",1
2401,"0010",1
2402,"0010",1
2403,"0010",4
2404,"0010",4
2405,"0010",3
2406,"0010",4
2407,"0010",2
2408,"0010",2
2409,"0010",2
2410,"0010",2
2411,"0010",2
2412,"0010",2
2413,"0010",7
2414,"0010",1
2415,"0010",1
2416,"0010",2
2417,"0010",4
2418,"0010",28
2419,"0010",32
2420,"0010",14
2421,"0010",13
2422,"0010",3
2423,"0010",2
2424,"0010",1
2425,"0010",4
2426,"0010",13
2427,"0010",8
2428,"0010",1
2429,"0010",3
2430,"0010",3
2431,"0010",6
2432,"0010",10
2433,"0010",1
2434,"0010",2
2435,"0010",7
2436,"0010",7
2437,"0010",5
2438,"0010",8
2439,"0010",33
2440,"0010",22
2441,"0010",105
2442,"0010",69
2443,"0010",22
2444,"0010",18
2445,"0010",6
2446,"0010",17
2447,"0010",2
2448,"0010",1
2449,"0010",12
2450,"0010",2
2451,"0010",6
2452,"0010",5
2453,"0010",1
2454,"0010",28
2455,"0010",27
2456,"0010",32
2457,"0010",3
2458,"0010",9
2459,"0010",2
2460,"0010",1
2461,"0010",4
2462,"0010",2
2463,"0010",5
2464,"0010",1
2465,"0010",7
2466,"0010",1
2467,"0010",2
2468,"0010",8
2468,"0010 -> 0020",1
2469,"0010",25
2469,"0010 -> 0020",4
2470,"0010",8
2470,"0010 -> 0020",1
2471,"0010",1
2472,"0010",2
2473,"0010",5
2474,"0010",1
2475,"0010",1
2476,"0010",1
2477,"0010",5
2478,"0010",17
2479,"0010",7
2480,"0010",1
2481,"0010",3
2482,"0010",4
2483,"0010",5
2484,"0010",2
2485,"0010",3
2486,"0010",6
2487,"0010",5
2488,"0010",11
2489,"0010",2
2490,"0010",1
2491,"0010",3
2492,"0010",3
2493,"0010",1
2494,"0010",10
2495,"0010",2
2496,"0010",2
2497,"0010",2
2498,"0010",1
2499,"0010",1
2500,"0010",1
2501,"0010",1
2502,"0010",2
2503,"0010",8
2504,"0010",4
2505,"0010",2
2506,"0010",2
2507,"0010",9
2508,"0010",7
2509,"0010",9
2510,"0010",1
2511,"0010",9
2512,"0010",4
2513,"0010",69
2514,"0010",13
2515,"0010",3
2516,"0010",12
2517,"0010",2
2518,"0010",4
2519,"0010",1
2520,"0010",3
2521,"0010",2
2522,"0010",3
2523,"0010",4
2524,"0010",2
2525,"0010",5
2526,"0010",9
2527,"0010",4
2528,"0010",2
2529,"0010",11
2530,"0010",2
2531,"0010",1
2532,"0010",4
2533,"0010",1
2534,"0010",5
2535,"0010",6
2536,"0010",10
2537,"0010",4
2538,"0010",5
2539,"0010",4
2540,"0010",2
2541,"0010",8
2542,"0010",8
2543,"0010",1
2544,"0010",4
2545,"0010",3
2546,"0010",2
2547,"0010",3
2548,"0010",1
2549,"0010",7
2550,"0010",6
2551,"0010",3
2552,"0010",3
2553,"0010",19
2554,"0010",27
2555,"0010",11
2556,"0010",1
2557,"0010",11
2558,"0010",13
2559,"0010",5
2560,"0010",5
2561,"0010",17
2562,"0010",9
2563,"0010",10
2564,"0010",55
2565,"0010",10
2566,"0010",2
2567,"0010",4
2568,"0010",3
2569,"0010",5
2570,"0010",3
2571,"0010",3
2572,"0010",4
2573,"0010",1
2573,"0010 -> 0020",1
2574,"0010",3
2574,"0010 -> 0020",2
2575,"0010",2
2576,"0010",3
2576,"0010 -> 0020",3
2577,"0010",2
2578,"0010",1
2579,"0010",2
2579,"0010 -> 0020",1
2580,"0010",1
2581,"0010 -> 0020",2
2582,"0010",1
2583,"0010 -> 0020",2
2583,"0010",1
2584,"0010 -> 0020",1
2585,"0010",3
2586,"0010",20
2586,"0010 -> 0020",1
2586,"0010 -> 0020 -> 0030",1
2587,"0010",2
2588,"0010",8
2589,"0010",8
2590,"0010",67
2591,"0010",2
2592,"0010",32
2593,"0010",2
2594,"0010",1
2595,"0010",2
2596,"0010",1
2597,"0010",4
2598,"0010",2
2599,"0010",1
2600,"0010",2
2601,"0010",3
2602,"0010",1
2603,"0010",1
2604,"0010",2
2605,"0010",1
2606,"0010",1
2607,"0010",1
2608,"0010",1
2609,"0010",1
2610,"0010",2
2611,"0010",14
2612,"0010",11
2613,"0010",14
2614,"0010",2
2615,"0010",15
2616,"0010",6
2617,"0010",18
2618,"0010",7
2619,"0010",17
2620,"0010",2
2621,"0010",7
2622,"0010",7
2623,"0010",119
2624,"0010 -> 0020",2
2625,"0010 -> 0020 -> 0030",8
2626,"0010",1
2627,"0010",4
2628,"0010",5
2629,"0010",14
2630,"0010",7
2631,"0010",2
2632,"0010",6
2633,"0010",6
2634,"0010",7
2635,"0010",9
2636,"0010",1
2637,"0010",3
2638,"0010",4
2639,"0010",5
2640,"0010",4
2641,"0010",5
2642,"0010",4
2643,"0010",1
2644,"0010",1
2645,"0010",1
2646,"0010",6
2647,"0010",6
2648,"0010",2
2649,"0010",3
2650,"0010 -> 0020",1
2651,"0010 -> 0020",2
2652,"0010 -> 0020 -> 0030",1
2653,"0010 -> 0020 -> 0030",5
2653,"0010 -> 0020",1
2654,"0010 -> 0020 -> 0030",2
2655,"0020 -> 0030",1
2656,"0010 -> 0020 -> 0030",2
2657,"0010 -> 0020 -> 0030",4
2658,"0010 -> 0020 -> 0030",4
2659,"0010 -> 0020 -> 0030",3
2660,"0010 -> 0020 -> 0030",1
2661,"0010 -> 0020 -> 0030",1
2662,"0010 -> 0020 -> 0030",1
2663,"0010 -> 0020 -> 0030",1
2664,"0010 -> 0020 -> 0030",3
2664,"0010 -> 0020",1
2665,"0010 -> 0020 -> 0030",7
2665,"0010 -> 0020",4
2666,"0010 -> 0020",2
2667,"0010 -> 0020",1
2667,"0010 -> 0020 -> 0030",1
2668,"0010 -> 0020 -> 0030",2
2669,"0010 -> 0020 -> 0030",4
2670,"0010 -> 0030",1
2671,"0010 -> 0020",1
2671,"0010 -> 0020 -> 0030",1
2672,"0010 -> 0020 -> 0030",13
2672,"0010 -> 0020",9
2673,"0010 -> 0020 -> 0030",6
2673,"0010 -> 0020",5
2674,"0010 -> 0020 -> 0030",7
2674,"0010 -> 0020",4
2675,"0010 -> 0020 -> 0030",6
2675,"0010 -> 0020",5
2676,"0010 -> 0020 -> 0030",4
2676,"0010 -> 0020",1
2677,"0010 -> 0020 -> 0030",4
2677,"0010 -> 0020",3
2678,"0010 -> 0020",5
2678,"0010 -> 0020 -> 0030",3
2679,"0010 -> 0020",2
2679,"0010 -> 0020 -> 0030",2
2680,"0010 -> 0020",3
2680,"0010 -> 0020 -> 0030",3
2681,"0010 -> 0020 -> 0030",4
2682,"0010 -> 0020 -> 0030",5
2682,"0010 -> 0020",3
2683,"0010 -> 0020 -> 0030",3
2684,"0010 -> 0020 -> 0030",2
2685,"0010 -> 0020 -> 0030",3
2686,"0010 -> 0020 -> 0030",2
2687,"0010 -> 0020 -> 0030",2
2688,"0010 -> 0020 -> 0030",2
2689,"0010 -> 0020 -> 0030",2
2690,"0010 -> 0020 -> 0030",3
2691,"0010 -> 0020",3
2692,"0010 -> 0020",5
2693,"0010 -> 0020",2
2694,"0010 -> 0020",2
2695,"0010 -> 0020",1
2695,"0010 -> 0020 -> 0030",1
2696,"0010 -> 0020",2
2697,"0010 -> 0020",5
2698,"0010 -> 0020",17
2699,"0010 -> 0020",1
2700,"0010 -> 0020",1
2701,"0010 -> 0020",2
2702,"0010 -> 0020",3
2703,"0010 -> 0020",2
2704,"0010 -> 0020",1
2705,"0010 -> 0020",3
2706,"0010 -> 0020",1
2707,"0010 -> 0020",4
2708,"0010 -> 0020",7
2709,"0010 -> 0020",3
2710,"0010 -> 0020 -> 0030",5
2711,"0010 -> 0020 -> 0030",5
2712,"0010 -> 0020 -> 0030",2
2713,"0010 -> 0020 -> 0030",5
2714,"0010 -> 0020 -> 0030",1
2715,"0010 -> 0020 -> 0030",1
2716,"0010 -> 0020 -> 0030",1
2717,"0010 -> 0020 -> 0030",4
2718,"0010 -> 0020 -> 0030",3
2719,"0010 -> 0020 -> 0030",3
2720,"0010 -> 0020 -> 0030",2
2721,"0010 -> 0020 -> 0030 -> 0040",4
2721,"0010 -> 0020 -> 0030",2
2722,"0010 -> 0020 -> 0030 -> 0040",7
2723,"0010 -> 0020 -> 0030 -> 0040",6
2724,"0010 -> 0020 -> 0030 -> 0040",12
2724,"0010 -> 0020 -> 0030",6
2725,"0010 -> 0020 -> 0030 -> 0040",2
2725,"0010 -> 0020 -> 0030",1
2726,"0010 -> 0020 -> 0030",2
2726,"0010 -> 0020 -> 0030 -> 0040",1
2727,"0010 -> 0020 -> 0030 -> 0040",2
2728,"0010 -> 0020 -> 0030 -> 0040",3
2729,"0010 -> 0020 -> 0030 -> 0040",5
2730,"0010 -> 0020 -> 0030 -> 0040",4
2730,"0010 -> 0020 -> 0030",2
2731,"0010 -> 0020 -> 0030 -> 0040",4
2732,"0010 -> 0020 -> 0030 -> 0040",2
2733,"0010 -> 0020 -> 0030 -> 0040",2
2734,"0010 -> 0020 -> 0030 -> 0040",6
2734,"0010 -> 0020 -> 0030",5
2735,"0010 -> 0020 -> 0030 -> 0040",2
2736,"0010 -> 0020 -> 0030",1
2737,"0010 -> 0020 -> 0030 -> 0040",3
2737,"0010 -> 0020 -> 0030",1
2738,"0010 -> 0020 -> 0030 -> 0040",1
2739,"0010 -> 0020 -> 0030 -> 0040",2
2739,"0010 -> 0020 -> 0030",1
2740,"0010 -> 0020 -> 0030",1
2741,"0010 -> 0020",3
2742,"0010 -> 0020",1
2743,"0010 -> 0020",9
2743,"0010",1
2744,"0010 -> 0020",3
2745,"0010 -> 0020",3
2746,"0010 -> 0020",1
2747,"0010 -> 0020",1
2748,"0010 -> 0020",3
2749,"0010 -> 0020",6
2750,"0010 -> 0020",1
2751,"0010 -> 0020",1
2752,"0010",9
2753,"0010",1
2754,"0010 -> 0020",9
2755,"0010 -> 0020",1
2756,"0010 -> 0020",10
2757,"0010 -> 0020",1
2758,"0010 -> 0020 -> 0030",20
2758,"0010 -> 0020",6
2759,"0010 -> 0020",16
2760,"0010 -> 0020",10
2761,"0010 -> 0020",6
2762,"0010 -> 0020 -> 0030",2
2763,"0010 -> 0020",1
2763,"0010 -> 0020 -> 0030",1
2764,"0010 -> 0020",2
2765,"0010 -> 0020",1
2766,"0010 -> 0020 -> 0030",7
2766,"0010 -> 0020",1
2767,"0010 -> 0020 -> 0030",5
2768,"0010",6
2769,"0010 -> 0020 -> 0030",2
2770,"0010 -> 0020",21
2771,"0010 -> 0020",1
2772,"0010 -> 0020",6
2773,"0010 -> 0020",4
2774,"0010 -> 0020 -> 0030",54
2774,"0010 -> 0020",3
2775,"0010 -> 0020 -> 0030",1
2776,"0010 -> 0020",3
2777,"0010 -> 0020",12
2778,"0010 -> 0020",1
2779,"0010 -> 0020 -> 0030",1
2780,"0010 -> 0020",7
2781,"0010 -> 0020",1
2782,"0010 -> 0020 -> 0030",6
2782,"0010 -> 0020",4
2783,"0010 -> 0020 -> 0030",99
2783,"0010 -> 0020",5
2784,"0010 -> 0020 -> 0030",4
2784,"0010 -> 0020",2
2785,"0010 -> 0020 -> 0030",3
2786,"0010 -> 0020",4
2786,"0010 -> 0020 -> 0030",3
2787,"0010 -> 0020 -> 0030",10
2787,"0010 -> 0020",1
2788,"0010 -> 0020",16
2789,"0010 -> 0020 -> 0030",1
2790,"0010 -> 0020 -> 0030",5
2790,"0010 -> 0020",2
2791,"0010 -> 0020 -> 0030",10
2792,"0010 -> 0020 -> 0030",3
2792,"0010 -> 0020",1
2793,"0010 -> 0020 -> 0030",1
2794,"0010 -> 0020 -> 0030",5
2794,"0010 -> 0020",1
2794,"0010 -> 0030",1
2795,"0010 -> 0020 -> 0030",10
2795,"0010 -> 0020",1
2796,"0010 -> 0020",3
2797,"0010 -> 0020 -> 0030",3
2798,"0010 -> 0020 -> 0030",3
2799,"0010 -> 0020 -> 0030",2
2800,"0010 -> 0020 -> 0030",3
2801,"0010 -> 0020 -> 0030",11
2801,"0010 -> 0020",2
2802,"0010 -> 0020 -> 0030",19
2803,"0010 -> 0020 -> 0030",3
2804,"0010 -> 0020 -> 0030",1
2805,"0010 -> 0020 -> 0030",1
2806,"0010 -> 0020 -> 0030",2
2807,"0010 -> 0020 -> 0030",1
2808,"0010 -> 0020 -> 0030",1
2809,"0010 -> 0020 -> 0030 -> 0040",6
2809,"0010 -> 0020 -> 0030",5
2810,"0010 -> 0020",17
2811,"0010 -> 0020 -> 0030",7
2812,"0010 -> 0020 -> 0030",2
2813,"0010 -> 0020",16
2814,"0010 -> 0020 -> 0030",4
2815,"0010 -> 0020 -> 0030",15
2816,"0010 -> 0020 -> 0030 -> 0040",6
2816,"0010 -> 0020 -> 0030",3
2816,"0010 -> 0020 -> 0030 -> 0040 -> 0050",1
2817,"0010 -> 0020",9
2818,"0010 -> 0020 -> 0030",6
2819,"0010 -> 0020",2
2820,"0010 -> 0020",1
2820,"0010 -> 0020 -> 0030",1
2821,"0010 -> 0020 -> 0030 -> 0040",15
2821,"0010 -> 0020 -> 0030",8
2822,"0010 -> 0020 -> 0030 -> 0040",8
2822,"0010 -> 0020 -> 0030",6
2823,"0010 -> 0020",1
2824,"0010 -> 0020",10
2825,"0010 -> 0020 -> 0030",1
2825,"0010 -> 0020 -> 0030 -> 0040",1
2826,"0010 -> 0020",7
2827,"0010 -> 0020",6
2828,"0010 -> 0020",1
2829,"0010 -> 0020",1
2830,"0010 -> 0020 -> 0030",15
2831,"0010 -> 0020",2
2831,"0010 -> 0020 -> 0030",1
2832,"0010 -> 0020",11
2832,"0010 -> 0020 -> 0030 -> 0040",2
2833,"0010 -> 0020 -> 0030",2
2834,"0010 -> 0020",18
2835,"0010 -> 0020",3
2836,"0010 -> 0020 -> 0030",14
2837,"0010 -> 0020 -> 0030",2
2838,"0010 -> 0020 -> 0030",1
2839,"0010 -> 0020 -> 0030",1
2840,"0010 -> 0020",1
2841,"0010 -> 0020 -> 0030",2
2842,"0010 -> 0020 -> 0030",1
2843,"0010 -> 0020 -> 0030",2
2844,"0010 -> 0020 -> 0030",10
2844,"0010 -> 0020 -> 0030 -> 0040",1
2845,"0010 -> 0020 -> 0030",1
2846,"0010 -> 0020 -> 0030",1
2847,"0010 -> 0020 -> 0030",2
2847,"0010 -> 0020 -> 0030 -> 0040",1
2848,"0010 -> 0020",2
2849,"0010 -> 0020 -> 0030",3
2850,"0010 -> 0020",14
2851,"0010 -> 0020",1
2852,"0010 -> 0020 -> 0030",36
2853,"0010 -> 0020 -> 0030 -> 0040",7
2853,"0010 -> 0020",1
2854,"0010 -> 0020 -> 0030",19
2855,"0010 -> 0020 -> 0030",4
2856,"0010 -> 0020",5
2857,"0010 -> 0020 -> 0030",3
2858,"0010 -> 0020 -> 0030",23
2859,"0010 -> 0020",7
2860,"0010 -> 0020",15
2861,"0010 -> 0020 -> 0030",25
2862,"0010 -> 0020 -> 0030",2
2863,"0010 -> 0020 -> 0030",2
2864,"0010 -> 0020 -> 0030",1
2865,"0010 -> 0020 -> 0030",2
2866,"0010 -> 0020 -> 0030",2
2867,"0010 -> 0020 -> 0030",11
2868,"0010 -> 0020 -> 0030",8
2869,"0010 -> 0020 -> 0030",2
2870,"0010 -> 0020",8
2870,"0010 -> 0020 -> 0030",5
2871,"0010 -> 0020",1
2872,"0010 -> 0020",3
2873,"0010 -> 0020 -> 0030",11
2874,"0010 -> 0020 -> 0030",2
2875,"0010 -> 0020 -> 0030",1
2876,"0010 -> 0020 -> 0030",16
2877,"0010 -> 0020 -> 0030",9
2877,"0010 -> 0020 -> 0030 -> 0040",2
2878,"0010 -> 0020 -> 0030 -> 0040",3
2879,"0010 -> 0020 -> 0030 -> 0040",1
2880,"0010 -> 0020 -> 0030 -> 0040",1
2881,"0010 -> 0020 -> 0030 -> 0040",1
2882,"0010 -> 0020 -> 0030",1
2883,"0010 -> 0020",4
2883,"0010 -> 0020 -> 0030 -> 0040",4
2884,"0010 -> 0020",4
2884,"0010 -> 0020 -> 0030",3
2884,"0010 -> 0020 -> 0030 -> 0040",2
2885,"0010 -> 0020 -> 0030",53
2886,"0010 -> 0020 -> 0030",6
2887,"0010 -> 0020 -> 0030",5
2888,"0010 -> 0020 -> 0030",12
2889,"0010 -> 0020 -> 0030",2
2890,"0010 -> 0020 -> 0030",2
2891,"0010 -> 0020 -> 0030",20
2891,"0010 -> 0020",12
2892,"0010 -> 0020 -> 0030 -> 0040",6
2892,"0010 -> 0020",1
2892,"0010 -> 0020 -> 0030",1
2893,"0010 -> 0020",13
2893,"0010 -> 0020 -> 0030",1
2894,"0010 -> 0020 -> 0030",5
2894,"0010 -> 0020",2
2895,"0010 -> 0020",1
2895,"0010 -> 0020 -> 0030",1
2896,"0010 -> 0020 -> 0030",1
2897,"0010 -> 0020",2
2898,"0010 -> 0020 -> 0030 -> 0040",5
2898,"0010 -> 0020 -> 0030 -> 0040 -> 0050",2
2898,"0010 -> 0020 -> 0030",1
2899,"0010 -> 0020",22
2900,"0010 -> 0020",4
2901,"0010 -> 0020 -> 0030",2
2901,"0010 -> 0020 -> 0030 -> 0040",1
2902,"0010 -> 0020 -> 0030",2
2902,"0010 -> 0020 -> 0030 -> 0040",1
2903,"0010 -> 0020",3
2904,"0010 -> 0020",2
2905,"0010 -> 0020",4
2906,"0010 -> 0020 -> 0030",1
2907,"0010 -> 0020",3
2908,"0010 -> 0020 -> 0030",8
2909,"0010 -> 0020",6
2910,"0010 -> 0020 -> 0030",1
2911,"0010 -> 0020 -> 0030",1
2912,"0010 -> 0020",2
2913,"0010 -> 0020",1
2914,"0010 -> 0020",4
2915,"0010 -> 0020",9
2916,"0010 -> 0020",3
2917,"0010 -> 0020 -> 0030",21
2918,"0010 -> 0020 -> 0030",1
2919,"0010 -> 0020",8
2920,"0010 -> 0020 -> 0030",4
2921,"0010 -> 0020 -> 0030",19
2922,"0010 -> 0020 -> 0030",9
2923,"0010 -> 0020 -> 0030",31
2924,"0010 -> 0020 -> 0030",2
2925,"0010 -> 0020",5
2926,"0010 -> 0020",4
2927,"0010 -> 0020 -> 0030",2
2928,"0010 -> 0020 -> 0030",17
2929,"0010 -> 0020 -> 0030",5
2930,"0010 -> 0020 -> 0030",1
2931,"0010 -> 0020",10
2932,"0010 -> 0020 -> 0030",4
2933,"0010 -> 0020",2
2934,"0010 -> 0020",4
2935,"0010 -> 0020",1
2935,"0010 -> 0020 -> 0030 -> 0040",1
2936,"0010 -> 0020",1
2937,"0010 -> 0020",1
2938,"0010",1
2939,"0010",1
2940,"0010",2
2941,"0010",1
2942,"0010",1
2943,"0010",1
2944,"0010",1
2945,"0010",1
2946,"0010 -> 0020",20
2947,"0010 -> 0020",1
2948,"0010 -> 0020",3
2949,"0010 -> 0020",1
2950,"0010 -> 0020",2
2951,"0010 -> 0020",59
2952,"0010 -> 0020",7
2953,"0010",38
2954,"0010 -> 0020",36
2955,"0010 -> 0020",193
2956,"0010 -> 0020",21
2957,"0010 -> 0020",79
2958,"0010 -> 0020",7
2959,"0010 -> 0020",3
2960,"0010 -> 0020",13
2961,"0010 -> 0020 -> 0030",87
2962,"0010 -> 0020",7
2962,"0010",3
2963,"0010 -> 0020",2
2963,"0010",1
2964,"0010 -> 0020",3
2965,"0010 -> 0020",2
2966,"0010 -> 0020",1
2967,"0010 -> 0020",3
2968,"0010 -> 0020 -> 0030",3
2969,"0010 -> 0020",16
2970,"0010 -> 0020",7
2971,"0010 -> 0020",4
2972,"0010 -> 0020",4
2973,"0010 -> 0020",5
2974,"0010 -> 0020",7
2975,"0010 -> 0020 -> 0030",3
2976,"0010 -> 0020",13
2977,"0010 -> 0020",6
2978,"0010 -> 0020",6
2979,"0010 -> 0020",3
2980,"0010 -> 0020",6
2981,"0010 -> 0020",4
2982,"0010 -> 0020 -> 0030",4
2983,"0010 -> 0020",6
2983,"0010",1
2984,"0010 -> 0020",3
2985,"0010 -> 0020",3
2986,"0010 -> 0020",6
2987,"0010 -> 0020",1
2988,"0010 -> 0020 -> 0030",2
2989,"0010 -> 0020 -> 0030",2
2990,"0010 -> 0020",1
2991,"0010 -> 0020",2
2992,"0010 -> 0020",2
2993,"0010 -> 0020",1
2994,"0010 -> 0020 -> 0030",33
2995,"0010 -> 0020 -> 0030",4
2996,"0010 -> 0020 -> 0030",3
2997,"0010 -> 0020",2
2998,"0010 -> 0020 -> 0030",1
2999,"0010 -> 0020 -> 0030",6
3000,"0010 -> 0020 -> 0030",6
3001,"0010 -> 0020",4
3002,"0010 -> 0020",2
3003,"0010 -> 0020",2
3004,"0010 -> 0020",4
3005,"0010 -> 0020",2
3006,"0010 -> 0020",2
3007,"0010 -> 0020 -> 0030",12
3008,"0010 -> 0020",2
3009,"0010 -> 0020",1
3010,"0010 -> 0020",1
3011,"0010 -> 0020",1
3012,"0010 -> 0020 -> 0030",8
3013,"0010 -> 0020 -> 0030 -> 0040 -> 0050 -> 0060",6
3013,"0010 -> 0020 -> 0030 -> 0040 -> 0050",3
3014,"0010 -> 0020",6
3015,"0010 -> 0020",2
3016,"0010 -> 0020",7
3017,"0010 -> 0020",9
3018,"0010 -> 0020",7
3019,"0010 -> 0020",5
3020,"0010 -> 0020",15
3021,"0010 -> 0020",6
3022,"0010 -> 0020 -> 0030",8
3022,"0010 -> 0020 -> 0030 -> 0040 -> 0050 -> 0060",2
3022,"0010 -> 0020 -> 0030 -> 0040",1
3023,"0010 -> 0020 -> 0030",4
3023,"0010",1
3024,"0010 -> 0020 -> 0030",15
3024,"0010 -> 0020 -> 0030 -> 0040",1
3025,"0010 -> 0020",4
3026,"0010 -> 0020",1
3027,"0010 -> 0020 -> 0030",3
3028,"0010 -> 0020 -> 0030",7
3029,"0010 -> 0020 -> 0030",35
3029,"0010 -> 0020",4
3030,"0010 -> 0020",22
3031,"0010 -> 0020",7
3032,"0010 -> 0020",3
3033,"0010 -> 0020",3
3034,"0010 -> 0020",16
3035,"0010 -> 0020",8
3036,"0010 -> 0020 -> 0030",2
3036,"0010 -> 0020",1
3037,"0010 -> 0020 -> 0030 -> 0040",2
3038,"0010 -> 0020",2
3039,"0010 -> 0020",15
3040,"0010 -> 0020 -> 0030",2
3040,"0010 -> 0020 -> 0030 -> 0040",2
3041,"0010 -> 0020",1
3042,"0010 -> 0020",8
3043,"0010 -> 0020",8
3044,"0010 -> 0020",5
3045,"0010 -> 0020",2
3046,"0010 -> 0020",19
3047,"0010 -> 0020",46
3048,"0010 -> 0020",1
3049,"0010 -> 0020",2
3050,"0010 -> 0020",6
3051,"0010 -> 0020",4
3052,"0010 -> 0020",2
3053,"0010 -> 0020",2
3054,"0010 -> 0020",1
3055,"0010 -> 0020",1
3056,"0010 -> 0020",2
3057,"0010 -> 0020",1
3058,"0010 -> 0020",1
3059,"0010 -> 0020",11
3060,"0010 -> 0020 -> 0030 -> 0040 -> 0050 -> 0060 -> 0070",2
3060,"0010 -> 0020 -> 0030 -> 0040 -> 0050",1
3060,"0010 -> 0020 -> 0030 -> 0040 -> 0050 -> 0060",1
3061,"0010 -> 0020 -> 0030 -> 0040 -> 0050 -> 0060",1
3062,"0010 -> 0020",2
3063,"0010 -> 0020 -> 0030",10
3063,"0010 -> 0020",2
3064,"0010 -> 0020",1
3065,"0010 -> 0020",2
3066,"0010 -> 0020",1
3067,"0010 -> 0020",4
3068,"0010 -> 0020",6
3069,"0010 -> 0020",2
3070,"0010 -> 0020",1
3071,"0010 -> 0020",2
3072,"0010 -> 0020",3
3073,"0010 -> 0020",2
3074,"0010 -> 0020",1
3075,"0010 -> 0020",3
3076,"0010 -> 0020",2
3077,"0010 -> 0020 -> 0030",4
3077,"0010 -> 0020",2
3078,"0010 -> 0020 -> 0030 -> 0040 -> 0050",1
3079,"0010 -> 0020 -> 0030",7
3080,"0010 -> 0020 -> 0030",4
3080,"0010 -> 0020",1
3081,"0010 -> 0020 -> 0030 -> 0040",5
3081,"0010 -> 0020",2
3082,"0010 -> 0020 -> 0030",1
3083,"0010 -> 0020 -> 0030",3
3084,"0010 -> 0020 -> 0030",6
3085,"0010 -> 0020",3
3086,"0010 -> 0020",1
3087,"0010 -> 0020",1
3088,"0010 -> 0020 -> 0030 -> 0040 -> 0050",1
3089,"0010 -> 0020 -> 0030 -> 0040 -> 0050",1
3090,"0010 -> 0020 -> 0030",5
3091,"0010 -> 0020 -> 0030",6
3092,"0010 -> 0020",1
3093,"0010 -> 0020",3
3093,"0010 -> 0020 -> 0030",3
3093,"0010 -> 0020 -> 0030 -> 0040",1
3094,"0010 -> 0020 -> 0030",2
3094,"0010 -> 0020 -> 0030 -> 0040",1
3095,"0010 -> 0020 -> 0030",9
3095,"0010 -> 0020",2
3096,"0010 -> 0020 -> 0030",1
3097,"0010 -> 0020 -> 0030 -> 0040",9
3097,"0010 -> 0020",1
3097,"0010 -> 0020 -> 0030",1
3098,"0010 -> 0020",1
3099,"0010 -> 0020",2
3100,"0010 -> 0020",16
3101,"0010 -> 0020",9
3102,"0010 -> 0020",1
3103,"0010 -> 0020",1
3104,"0010 -> 0020",1
3105,"0010 -> 0020 -> 0030 -> 0040 -> 0050 -> 0060",2
3106,"0010 -> 0020",1
3107,"0010 -> 0020",2
3108,"0010 -> 0020",5
3109,"0010 -> 0020",3
3110,"0010 -> 0020",1
3111,"0010 -> 0020",1
3112,"0010 -> 0020",1
3113,"0010 -> 0020",1
3114,"0010 -> 0020",1
3115,"0010 -> 0020",2
3116,"0010 -> 0020",1
3117,"0010 -> 0020",1
3118,"0010 -> 0020",3
3119,"0010 -> 0020 -> 0030",5
3120,"0010 -> 0020",4
3121,"0010 -> 0020",1
3122,"0010 -> 0020 -> 0030",18
3123,"0010 -> 0020 -> 0030",3
3124,"0010 -> 0020",1
3125,"0010 -> 0020 -> 0030",3
3126,"0010 -> 0020 -> 0030 -> 0040",9
3127,"0010 -> 0020",6
3128,"0010 -> 0020",6
3129,"0010 -> 0020 -> 0030",1
3130,"0010 -> 0020 -> 0030",2
3131,"0010 -> 0020 -> 0030 -> 0040 -> 0050",1
3132,"0010 -> 0020 -> 0030 -> 0040 -> 0050",1
3133,"0010 -> 0020 -> 0030 -> 0040 -> 0050",2
3134,"0010 -> 0020 -> 0030 -> 0040 -> 0050",1
3135,"0010 -> 0020 -> 0030 -> 0040 -> 0050",1
3136,"0010 -> 0020 -> 0030 -> 0040 -> 0050",1
3137,"0010 -> 0020",3
3138,"0010 -> 0020 -> 0030",1
3139,"0010 -> 0020 -> 0030",2
3139,"0010 -> 0020",1
3140,"0010 -> 0020",2
3141,"0010 -> 0020",2
3142,"0010",25
3143,"0010",205
3144,"0010",3
3145,"0010",5
3146,"0010",102
3147,"0010",78
3148,"0010",20
3149,"0010",59
3150,"0010",23
3151,"0010",25
3152,"0010",4
3153,"0010",4
3154,"0010",11
3155,"0010",19
3156,"0010",52
3157,"0010",71
3158,"0010",3
3159,"0010",1
3160,"0010",1
3161,"0010",130
3162,"0010",61
3163,"0010",1
3164,"0010",74
3165,"0010",3
3166,"0010",21
3167,"0010",16
3168,"0010",16
3169,"0010",19
3170,"0010",5
3171,"0010",3
3172,"0010",10
3173,"0010",37
3174,"0010",1
3175,"0010",1
3176,"0010",76
3177,"0010",1
3178,"0010",2
3179,"0010",5
3180,"0010",2
3181,"0010",12
3182,"0010",25
3183,"0010",44
3184,"0010",44
3185,"0010",4
3186,"0010",7
3187,"0010",1
3188,"0010",16
3189,"0010",13
3190,"0010",1
3191,"0010",77
3192,"0010",1
3193,"0010",2
3194,"0010",2
3195,"0010",1
3196,"0010",5
3197,"0010",6
3198,"0010",9
3199,"0010",4
3200,"0010",1
3201,"0010",7
3202,"0010",43
3203,"0010",9
3204,"0010",3
3205,"0010",2
3206,"0010",3
3207,"0010",31
3208,"0010",3
3209,"0010",23
3210,"0010",3
3211,"0010",15
3212,"0010",1
3213,"0010",50
3214,"0010",10
3215,"0010",4
3216,"0010",18
3217,"0010",5
3218,"0010",32
3219,"0010",26
3220,"0010",29
3221,"0010",3
3222,"0010",33
3223,"0010",54
3224,"0010",2
3225,"0010",56
3226,"0010",168
3227,"0010",7
3228,"0010",5
3229,"0010",16
3230,"0010",27
3231,"0010",9
3232,"0010",6
3233,"0010",7
3234,"0010",7
3235,"0010",15
3236,"0010",6
3237,"0010",52
3238,"0010",9
3239,"0010",23
3240,"0010",11
3241,"0010",6
3242,"0010",12
3243,"0010",7
3244,"0010",23
3245,"0010",15
3246,"0010",16
3247,"0010",3
3248,"0010",5
3249,"0010",2
3250,"0010",4
3251,"0010",13
3252,"0010",8
3253,"0010",8
3254,"0010",8
3255,"0010",2
3256,"0010",2
3257,"0010",3
3258,"0010",1
3259,"0010",5
3260,"0010",10
3261,"0010",3
3262,"0010",4
3263,"0010",2
3264,"0010",2
3265,"0010",1
3266,"0010",3
3267,"0010",4
3268,"0010 -> 0020",5
3269,"0010",5
3270,"0010",9
3271,"0010",9
3272,"0010",2
3273,"0010",10
3274,"0010",2
3275,"0010",10
3276,"0010",1
3277,"0010",5
3278,"0010",19
3279,"0010",4
3280,"0010",6
3281,"0010",7
3282,"0010",1
3283,"0010",8
3284,"0010",17
3285,"0010",17
3286,"0010",2
3287,"0010",3
3288,"0010",4
3289,"0010",21
3290,"0010",3
3291,"0010",14
3292,"0010",11
3293,"0010 -> 0020",4
3294,"0010",4
3295,"0010",1
3296,"0010",2
3297,"0010 -> 0020",3
3298,"0010",14
3299,"0010",12
3300,"0010",2
3301,"0010",4
3302,"0010",6
3303,"0010",11
3304,"0010",2
3305,"0010 -> 0020",2
3306,"0010 -> 0020",1
3307,"0010",3
3308,"0010",1
3309,"0010",2
3310,"0010 -> 0020",1
3311,"0010 -> 0020",7
3312,"0010 -> 0020",9
3312,"0010",1
3313,"0010 -> 0020",10
3314,"0010 -> 0020",3
3315,"0010 -> 0020",16
3316,"0010 -> 0020",4
3317,"0010 -> 0020",13
3318,"0010 -> 0020",3
3319,"0010 -> 0020",5
3320,"0010 -> 0020",8
3321,"0010 -> 0020",3
3322,"0010 -> 0020",5
3323,"0010 -> 0020",8
3324,"0010 -> 0020",7
3325,"0010 -> 0020",8
3326,"0010 -> 0020",13
3327,"0010 -> 0020",8
3328,"0010 -> 0020",1
3329,"0010 -> 0020",3
3330,"0010 -> 0020",4
3331,"0010 -> 0020",3
3332,"0010 -> 0020",3
3333,"0010 -> 0020",1
3334,"0010 -> 0020 -> 0030",1
3335,"0010",5
3335,"0010 -> 0020",4
3336,"0010 -> 0020",4
3337,"0010 -> 0020",1
3338,"0010",3
3339,"0010 -> 0020",22
3340,"0010 -> 0020",6
3341,"0010 -> 0020",3
3342,"0010 -> 0020",2
3343,"0010 -> 0020 -> 0030",10
3344,"0010",1
3345,"0010 -> 0020",2
3346,"0010 -> 0020",3
3347,"0010 -> 0020",2
3348,"0010",2
3349,"0010 -> 0020",1
3350,"0010 -> 0020",1
3351,"0010 -> 0020 -> 0030",1
3352,"0010 -> 0020",9
3353,"0010 -> 0020",1
3354,"0010 -> 0020",11
3355,"0010 -> 0020",15
3356,"0010 -> 0020",15
3357,"0010 -> 0020",3
3358,"0010 -> 0020",4
3359,"0010",10
3360,"0010 -> 0020 -> 0030",3
3361,"0010 -> 0020 -> 0030",1
3362,"0010 -> 0020 -> 0030",1
3363,"0010 -> 0020 -> 0030",1
3364,"0010 -> 0020 -> 0030",1
3365,"0010",15
3366,"0010",1
3367,"0010",1
3368,"0010",5
3369,"0010",1
3370,"0010",1
3371,"0010",29
3372,"0010",2
3373,"0010",92
3374,"0010",37
3375,"0010 -> 0020",9
3376,"0010 -> 0020",33
3377,"0010 -> 0020",7
3378,"0010 -> 0020",8
3379,"0010 -> 0020",3
3380,"0010 -> 0020",7
3381,"0010",2
3382,"0010",1
3383,"0010",6
3384,"0010",5
3385,"0010 -> 0020",1
3386,"0010 -> 0020",5
3387,"0010 -> 0020",2
3388,"0010 -> 0020",5
3389,"0010 -> 0020",12
3390,"0010 -> 0020",4
3391,"0010 -> 0020",8
3391,"0010",2
3392,"0010 -> 0020",25
3393,"0010 -> 0020",1
3394,"0010 -> 0020",11
3395,"0010",1
3396,"0010",3
3397,"0010 -> 0020",65
3398,"0010 -> 0020",5
3399,"0010 -> 0020",16
3400,"0010 -> 0020",4
3401,"0010 -> 0020",1
3402,"0010 -> 0020",4
3403,"0010 -> 0020",3
3404,"0010 -> 0020",1
3405,"0010 -> 0020",25
3405,"0010",1
3405,"0020",1
3406,"0010",8
3407,"0010",5
3408,"0010",5
3409,"0010",3
3410,"0010",5
3411,"0010",119
3412,"0010",19
3412,"0010 -> 0020 -> 0030",10
3413,"0010",10
3414,"0010",3
3415,"0010 -> 0020 -> 0030",3
3415,"0010",2
3416,"0010",5
3416,"0010 -> 0020 -> 0030",3
3417,"0010",5
3417,"0010 -> 0020 -> 0030",4
3418,"0010",3
3419,"0010 -> 0020",3
3420,"0010",10
3421,"0010",15
3422,"0010",58
3423,"0010",42
3424,"0010",6
3425,"0010",3
3426,"0010",7
3427,"0010",7
3428,"0010",1
3429,"0010 -> 0020",5
3429,"0010",3
3430,"0010",8
3431,"0010 -> 0020 -> 0030",17
3432,"0010 -> 0020",4
3433,"0010 -> 0020",1
3434,"0010",16
3435,"0010 -> 0020",2
3436,"0010 -> 0020",5
3437,"0010 -> 0020",4
3438,"0010",4
3439,"0010",2
3440,"0010",1
3441,"0010",13
3442,"0010",2
3443,"0010 -> 0030",1
3444,"0010",35
3445,"0010",1
3446,"0010 -> 0020",1
3447,"0010",1
3447,"0010 -> 0020",1
3448,"0010",2
3449,"0010",1
3450,"0010",10
3450,"0010 -> 0020",10
3451,"0010",1
3451,"0010 -> 0020",1
3452,"0010 -> 0020",18
3452,"0010",7
3453,"0010 -> 0020",3
3453,"0010",2
3454,"0010 -> 0020",3
3454,"0010",1
3455,"0010",1
3455,"0010 -> 0020",1
3456,"0010",1
3457,"0010 -> 0020",2
3457,"0010",1
3458,"0010 -> 0020 -> 0030",14
3459,"0010 -> 0020 -> 0030",1
3460,"0010 -> 0020",2
3460,"0010",1
3461,"0010 -> 0020",18
3462,"0010 -> 0020",2
3463,"0010 -> 0020",3
3464,"0010 -> 0020",6
3465,"0010 -> 0020",1
3466,"0010 -> 0020",1
3467,"0010 -> 0020",50
3468,"0010 -> 0020",6
3469,"0010 -> 0020",1
3470,"0010 -> 0020",8
3471,"0010 -> 0020",4
3472,"0010 -> 0020",1
3473,"0010 -> 0020",3
3474,"0010 -> 0020",6
3475,"0010 -> 0020",1
3476,"0010 -> 0020",4
3477,"0010 -> 0020",2
3478,"0010 -> 0020",4
3479,"0010 -> 0020 -> 0030",5
3480,"0010 -> 0020 -> 0030",19
3480,"0010",3
3481,"0010 -> 0020",4
3482,"0010 -> 0020 -> 0030",11
3483,"0010 -> 0020 -> 0030",18
3484,"0010 -> 0020 -> 0030",9
3485,"0010 -> 0020",33
3485,"0020",1
3486,"0010 -> 0020 -> 0030 -> 0040",4
3487,"0010 -> 0020 -> 0030 -> 0040",5
3488,"0010 -> 0020 -> 0030",18
3489,"0010 -> 0020",12
3490,"0010 -> 0020",6
3491,"0010 -> 0020",5
3492,"0010 -> 0020",3
3493,"0010 -> 0020",5
3494,"0010 -> 0020",7
3495,"0010 -> 0020",11
3496,"0010 -> 0020",7
3497,"0010 -> 0020",9
3498,"0010 -> 0020 -> 0030",8
3499,"0010 -> 0020",19
3500,"0010 -> 0020",15
3501,"0010 -> 0020",6
3502,"0010 -> 0020",17
3502,"0010",2
3503,"0010 -> 0020",11
3504,"0010 -> 0020",15
3505,"0010 -> 0020",18
3506,"0010",102
3507,"0010",2
3508,"0010 -> 0020",9
3509,"0010",1
3510,"0010",63
3511,"0010",28
3512,"0010 -> 0020",17
3513,"0010 -> 0020",2
3514,"0010 -> 0020",3
3515,"0010 -> 0020",2
3516,"0010 -> 0020",4
3517,"0010 -> 0020",2
3518,"0010 -> 0020",5
3519,"0010 -> 0020",10
3520,"0010 -> 0020",2
3521,"0010",11
3522,"0010",11
3523,"0010 -> 0020",4
3524,"0010 -> 0020",8
3525,"0010",14
3526,"0010",17
3527,"0010",6
3527,"0010 -> 0020",6
3528,"0010",3
3529,"0010 -> 0020",9
3530,"0010 -> 0020",8
3531,"0010",7
3532,"0010",4
3533,"0010",5
3534,"0010",3
3535,"0010",1
3536,"0010 -> 0020",4
3537,"0010 -> 0020",4
3538,"0010 -> 0020",10
3539,"0010 -> 0020",6
3539,"0010",3
3540,"0010 -> 0020",6
3541,"0010 -> 0020 -> 0030",4
3542,"0010",3
3542,"0010 -> 0020",2
3543,"0010",27
3543,"0010 -> 0020",11
3544,"0010",1
3545,"0010",3
3546,"0010",1
3547,"0010 -> 0020",21
3548,"0010 -> 0020",32
3549,"0010 -> 0020",15
3550,"0010 -> 0020",12
3551,"0010 -> 0020",5
3552,"0010 -> 0020",6
3553,"0010 -> 0020",6
3554,"0010 -> 0020",23
3555,"0010 -> 0020",23
3555,"0020",1
3556,"0010 -> 0020",16
3557,"0010 -> 0020",51
3557,"0010",3
3558,"0010 -> 0020",24
3559,"0010 -> 0020",8
3560,"0010 -> 0020",4
3561,"0010 -> 0020",1
3562,"0010 -> 0020",15
3563,"0010 -> 0020",8
3564,"0010 -> 0020",7
3565,"0010",23
3566,"0010 -> 0020",2
3567,"0010",4
3568,"0010",118
3569,"0010",9
3570,"0010",6
3571,"0010",1
3572,"0010",3
3573,"0010",5
3574,"0010",160
3575,"0010",46
3576,"0010",3
3577,"0010",15
3578,"0010 -> 0020",15
3578,"0010",7
3579,"0010",115
3580,"0010 -> 0020",1
3581,"0010 -> 0020",47
3582,"0010",8
3583,"0010 -> 0020",16
3584,"0010 -> 0020",8
3585,"0010 -> 0020",1
3586,"0010 -> 0020",8
3587,"0010 -> 0020",1
3588,"0010 -> 0020",16
3589,"0010 -> 0020",6
3590,"0010 -> 0020",15
3591,"0010 -> 0020",19
3592,"0010 -> 0020",1
3593,"0010 -> 0020",1
3594,"0010 -> 0020",11
3595,"0010 -> 0020",8
3596,"0010 -> 0020",6
3597,"0010 -> 0020",23
3598,"0010 -> 0020",32
3599,"0010 -> 0020",8
3600,"0010 -> 0020",9
3601,"0010 -> 0020",8
3602,"0010 -> 0020",21
3603,"0010 -> 0020",16
3604,"0010 -> 0020",50
3605,"0010 -> 0020",11
3605,"0010",1
3606,"0010 -> 0020",36
3607,"0010 -> 0020",5
3608,"0010 -> 0020",5
3609,"0010 -> 0020",4
3610,"0010 -> 0020",3
3611,"0010 -> 0020",82
3612,"0010 -> 0020",3
3613,"0010 -> 0020",2
3614,"0010 -> 0020",3
3615,"0010",3
3616,"0010",7
3617,"0010 -> 0020",5
3618,"0010 -> 0020",3
3619,"0010 -> 0020",1
3620,"0010 -> 0020",6
3621,"0010 -> 0020",2
3622,"0010 -> 0020",3
3623,"0010 -> 0020",4
3624,"0010 -> 0020",2
3625,"0010 -> 0020",1
3626,"0010 -> 0020",3
3627,"0010 -> 0020",2
3628,"0010 -> 0020",6
3629,"0010",1
3630,"0010",1
3631,"0010 -> 0020",5
3632,"0010 -> 0020",4
3633,"0010 -> 0020",1
3634,"0010 -> 0020",3
3635,"0010 -> 0020",2
3636,"0010 -> 0020",3
3637,"0010",2
3638,"0010",1
3639,"0010 -> 0020",3
3640,"0010",1
3641,"0010",1
3642,"0010",1
3643,"0010",1
3644,"0010",1
3645,"0010 -> 0020",1
3646,"0010 -> 0020",1
3647,"0010 -> 0020",1
3648,"0010 -> 0020",1
3649,"0010 -> 0020",1
3650,"0010 -> 0020",1
3651,"0010 -> 0020",2
3652,"0010",14
3653,"0010",1
3654,"0010 -> 0020",28
3655,"0010",7
3656,"0010 -> 0020",8
3657,"0010 -> 0020",10
3658,"0010 -> 0020",5
3659,"0010 -> 0020",1
3660,"0010 -> 0020",1
3661,"0010",13
3662,"0010",2
3663,"0010 -> 0020",15
3663,"0020",1
3664,"0010 -> 0020",9
3664,"0020",1
3665,"0020",3
3665,"0010 -> 0020",1
3666,"0010 -> 0020",6
3667,"0010 -> 0020",8
3668,"0010 -> 0020",1
3669,"0010",358
3670,"0010",3
3671,"0010",2
3672,"0010",2
3673,"0010",2
3674,"0010 -> 0020",2
3675,"0010",3
3676,"0010",1
3677,"0010 -> 0020",1
3678,"0010",1
3679,"0010 -> 0020",1
3680,"0010",2
3681,"0010",1
3682,"0010 -> 0020",1
3683,"0010",2
3684,"0010",2
3685,"0010 -> 0020",2
3686,"0010",2
3687,"0010",2
3688,"0010",2
3689,"0010",1
3690,"0010",8
3691,"0010",1
3692,"0010",8
3693,"0010",3
3694,"0010 -> 0020 -> 0030",6
3695,"0010",2
3696,"0010",4
3697,"0010 -> 0020",2
3698,"0010 -> 0020",1
3699,"0010 -> 0020",1
3700,"0010",5
3701,"0010",2
3702,"0010 -> 0020",1
3703,"0010",1
3704,"0010",1
3705,"0010",2
3706,"0010",1
3707,"0010",2
3708,"0010",1
3709,"0010",1
3710,"0010",12
3711,"0010",14
3712,"0010",8
3713,"0010",4
3714,"0010",11
3714,"0010 -> 0020",3
3715,"0010",3
3716,"0010",8
3716,"0010 -> 0020",2
3717,"0010",4
3717,"0010 -> 0020",3
3718,"0010",15
3719,"0010",8
3720,"0010",9
3720,"0010 -> 0020",4
3721,"0010",1
3722,"0010 -> 0020",14
3723,"0010 -> 0020 -> 0030",7
3724,"0010 -> 0020 -> 0030",30
3725,"0010 -> 0020",14
3726,"0010 -> 0020",4
3727,"0010 -> 0020",8
3728,"0010 -> 0020 -> 0030",3
3729,"0010 -> 0020",4
3730,"0010 -> 0020 -> 0030",13
3731,"0010 -> 0020 -> 0030",5
3732,"0010 -> 0020 -> 0030",4
3733,"0010 -> 0020 -> 0030",4
3734,"0010 -> 0020 -> 0030",6
3735,"0010 -> 0020 -> 0030",9
3736,"0010 -> 0020 -> 0030",3
3737,"0010 -> 0020 -> 0030",4
3738,"0010 -> 0020 -> 0030",1
3739,"0010 -> 0020 -> 0030",13
3740,"0010 -> 0020",7
3740,"0010",1
3741,"0010 -> 0020",3
3742,"0010 -> 0020",7
3743,"0010 -> 0020 -> 0030",4
3744,"0010 -> 0020",2
3745,"0010 -> 0020 -> 0030",1
3746,"0010 -> 0020 -> 0030",14
3747,"0010 -> 0020 -> 0030",5
3748,"0010 -> 0020 -> 0030",3
3749,"0010 -> 0020 -> 0030",14
3750,"0010 -> 0020 -> 0030",6
3751,"0010 -> 0020 -> 0030",54
3751,"0010",1
3752,"0010 -> 0020 -> 0030",26
3753,"0010 -> 0020",52
3753,"0010",1
3754,"0010 -> 0020",5
3755,"0010 -> 0020",8
3756,"0010 -> 0020 -> 0030",8
3756,"0040",1
3757,"0010 -> 0020",2
3758,"0010 -> 0020 -> 0030",10
3759,"0010 -> 0020 -> 0030",10
3760,"0010 -> 0020 -> 0030",2
3761,"0010 -> 0020 -> 0030",2
3762,"0010 -> 0020 -> 0030",4
3763,"0010 -> 0020 -> 0030",10
3764,"0010 -> 0020 -> 0030",7
3765,"0010 -> 0020 -> 0030",3
3766,"0010 -> 0020 -> 0030",2
3767,"0010 -> 0020 -> 0030",8
3768,"0010 -> 0020",4
3769,"0010 -> 0020",1
3770,"0010 -> 0020",3
3771,"0010 -> 0020 -> 0030",2
3772,"0010 -> 0020",1
3773,"0010 -> 0020 -> 0030",21
3774,"0010 -> 0020 -> 0030",4
3774,"0020",1
3775,"0010 -> 0020 -> 0030",2
3776,"0010 -> 0020 -> 0030",11
3777,"0010 -> 0020 -> 0030",4
3778,"0010 -> 0020 -> 0030",6
3779,"0010 -> 0020",6
3780,"0010 -> 0020 -> 0030",2
3781,"0010 -> 0020",2
3781,"0010",1
3782,"0010 -> 0020 -> 0030",1
3783,"0010 -> 0020 -> 0030",1
3784,"0010 -> 0020 -> 0030",3
3784,"0010",1
3785,"0010 -> 0020 -> 0030",1
3785,"0010 -> 0020 -> 0040",1
3786,"0010 -> 0020 -> 0030",3
3787,"0010 -> 0020 -> 0030",8
3787,"0010",1
3788,"0010 -> 0020 -> 0030 -> 0040",4
3789,"0010 -> 0020 -> 0030",44
3790,"0010 -> 0020 -> 0030",20
3791,"0010 -> 0020 -> 0030",2
3792,"0010 -> 0020",14
3793,"0010 -> 0020",5
3794,"0010 -> 0020",8
3794,"0010",1
3795,"0010 -> 0020 -> 0030",9
3796,"0010 -> 0020",5
3797,"0010 -> 0020 -> 0030",15
3798,"0010 -> 0020 -> 0030",4
3799,"0010 -> 0020 -> 0030",12
3799,"0010",1
3800,"0010 -> 0020 -> 0030",3
3801,"0010 -> 0020 -> 0030",7
3802,"0010 -> 0020",9
3802,"0010",1
3803,"0010 -> 0020",3
3804,"0010 -> 0020",2
3805,"0010 -> 0020",2
3806,"0010 -> 0020 -> 0030",8
3806,"0010",1
3807,"0010 -> 0020 -> 0030",3
3808,"0010 -> 0020 -> 0030",1
3809,"0010 -> 0020 -> 0030",7
3809,"0010",1
3810,"0010 -> 0020 -> 0030",2
3811,"0010 -> 0020 -> 0030 -> 0040",13
3812,"0010 -> 0020",3
3813,"0010 -> 0020 -> 0030 -> 0040",1
3814,"0010 -> 0020 -> 0030 -> 0040",6
3815,"0010 -> 0020",8
3816,"0010 -> 0020",2
3817,"0010 -> 0020 -> 0030",12
3818,"0010 -> 0020 -> 0030",10
3819,"0010 -> 0020 -> 0030",2
3820,"0010 -> 0020 -> 0030",3
3821,"0010 -> 0020 -> 0030",6
3822,"0010 -> 0020 -> 0030",2
3823,"0010 -> 0020 -> 0030 -> 0040",13
3824,"0010 -> 0020 -> 0030 -> 0040",8
3825,"0010 -> 0020 -> 0030 -> 0040",1
3826,"0010 -> 0020 -> 0030 -> 0040",2
3827,"0010 -> 0020 -> 0030 -> 0040",1
3828,"0010 -> 0020 -> 0030",1
3829,"0010 -> 0020",3
3830,"0010 -> 0020",28
3831,"0010 -> 0020",5
3832,"0010 -> 0020",3
3833,"0010 -> 0020",1
3834,"0010 -> 0020 -> 0030 -> 0040",2
3835,"0010 -> 0020 -> 0030 -> 0040",1
3836,"0010 -> 0020 -> 0030 -> 0040",2
3837,"0010 -> 0020 -> 0030",1
3837,"0010 -> 0020 -> 0030 -> 0040 -> 0050",1
3838,"0010 -> 0020 -> 0030 -> 0040",1
3839,"0010 -> 0020 -> 0030 -> 0040",2
3840,"0010 -> 0020 -> 0030 -> 0040",2
3841,"0010 -> 0020",1
3842,"0010 -> 0020",40
3843,"0010 -> 0020",2
3844,"0010",1
3845,"0010 -> 0020",1
3846,"0010",1
3847,"0010 -> 0020",9
3848,"0010 -> 0020",109
3849,"0010",17
3850,"0010 -> 0020",7
3851,"0010 -> 0020 -> 0030 -> 0040",7
3851,"0010",6
3852,"0010 -> 0020",63
3853,"0010",9
3854,"0030",9
3854,"0010 -> 0020 -> 0030 -> 0040",3
3855,"0010 -> 0020 -> 0030",5
3856,"0010 -> 0020 -> 0030",13
3856,"0010 -> 0020",4
3857,"0010 -> 0020",6
3858,"0010",4
3859,"0020 -> 0030 -> 0040",2
3859,"0010",1
3860,"0010 -> 0020",11
3861,"0010 -> 0020",8
3862,"0010 -> 0020",27
3863,"0010 -> 0020 -> 0030",1
3864,"0010 -> 0020",2
3865,"0010 -> 0020",31
3866,"0010 -> 0020",45
3867,"0010 -> 0020",45
3868,"0010 -> 0020",50
3869,"0010 -> 0020",54
3870,"0010",2
3870,"0010 -> 0020",1
3871,"0010",1
3871,"0010 -> 0020",1
3872,"0010",1
3873,"0010 -> 0020 -> 0030",9
3874,"0010 -> 0020 -> 0030",1
3875,"0010 -> 0020 -> 0030",7
3876,"0010 -> 0020 -> 0030",5
3877,"0010 -> 0020 -> 0030",1
3878,"0010 -> 0020 -> 0030",1
3879,"0010 -> 0020 -> 0030",6
3880,"0010 -> 0020 -> 0030",8
3881,"0010 -> 0020 -> 0030",9
3881,"0010",1
3882,"0010 -> 0020 -> 0030",1
3883,"0010 -> 0020 -> 0030",32
3884,"0010 -> 0020 -> 0030",31
3884,"0010",1
3885,"0010 -> 0020 -> 0030",11
3886,"0010 -> 0020 -> 0030",6
3887,"0010 -> 0020 -> 0030",1
3888,"0010 -> 0020 -> 0030",76
3888,"0010",2
3889,"0010 -> 0020 -> 0030",431
3889,"0010",12
3889,"0010 -> 0020",5
3890,"0010",13
3890,"0010 -> 0020",1
3891,"0010",26
3891,"0010 -> 0020",7
3892,"0010 -> 0020 -> 0030",9
3893,"0010 -> 0020 -> 0030",3
3894,"0010 -> 0020 -> 0030",7
3895,"0010 -> 0020 -> 0030",4
3896,"0010 -> 0020 -> 0030",1
3897,"0010 -> 0020 -> 0030",22
3898,"0010 -> 0020 -> 0030",66
3898,"0010",2
3899,"0010",14
3899,"0010 -> 0020",5
3900,"0010 -> 0020 -> 0030",2
3901,"0010 -> 0020 -> 0030",2
3902,"0010 -> 0020 -> 0030",2
3903,"0010 -> 0020 -> 0030",2
3904,"0010 -> 0020 -> 0030",3
3905,"0010 -> 0020",2
3906,"0010 -> 0020",1
3907,"0010 -> 0020",1
3908,"0010 -> 0020 -> 0030",1
3909,"0010 -> 0020",6
3910,"0010 -> 0020",8
3911,"0010",5
3912,"0010 -> 0020",3
3913,"0010 -> 0020 -> 0030",1
3914,"0010 -> 0020 -> 0030",2
3915,"0010 -> 0020",1
3916,"0010 -> 0020 -> 0030",1
3917,"0010",1
3918,"0010 -> 0020 -> 0030 -> 0040",5
3919,"0010 -> 0020 -> 0030 -> 0040",1
3920,"0010 -> 0020 -> 0030 -> 0040",7
3921,"0010 -> 0020 -> 0030",1
3922,"0010 -> 0020 -> 0030 -> 0040",1
3923,"0010 -> 0020 -> 0030 -> 0040",1
3924,"0010 -> 0020 -> 0030 -> 0040",1
3925,"0010 -> 0020 -> 0030",1
3926,"0010 -> 0020 -> 0030",2
3927,"0010",2
3928,"0010",1
3929,"0010",1
3929,"0010 -> 0020",1
3930,"0010",2
3931,"0010",2
3932,"0010",1
3933,"0010",1
3934,"0010",3
3935,"0010",3
3936,"0010",1
3936,"0010 -> 0020",1
3937,"0010",1
3938,"0010",2
3938,"0010 -> 0020",1
3939,"0010",1
3940,"0010",1
3941,"0010",2
3942,"0010",1
3943,"0010 -> 0020",1
3944,"0010 -> 0020 -> 0030",17
3945,"0010 -> 0020 -> 0030",4
3946,"0010 -> 0020",2
3947,"0010",1
3948,"0010",1
3949,"0010",1
3950,"0010",1
3951,"0010 -> 0020",8
